Item,DependsOn
TC0000,REQ2736
TC0000,REQ2708
TC0000,REQ2685
TC0001,REQ2694
TC0001,REQ2710
TC0001,REQ2715
TC0001,REQ2711
TC0001,REQ2712
TC0002,REQ2694
TC0002,REQ2710
TC0002,REQ2715
TC0002,REQ2711
TC0002,REQ2712
TC0003,REQ2694
TC0003,REQ2710
TC0003,REQ2715
TC0003,REQ2711
TC0003,REQ2712
TC0004,REQ2735
TC0005,REQ2719
TC0005,REQ2709
TC0005,REQ2695
TC0006,REQ2713
TC0007,REQ0934
TC0007,REQ2750
TC0007,REQ2752
TC0007,REQ2751
TC0007,REQ2716
TC0007,REQ2753
TC0008,REQ2750
TC0008,REQ2752
TC0008,REQ0935
TC0008,REQ2751
TC0008,REQ2753
TC0008,REQ2717
TC0009,REQ2687
TC0009,REQ2686
TC0010,REQ2688
TC0010,REQ2731
TC0011,REQ2689
TC0011,REQ2727
TC0011,REQ2730
TC0011,REQ2726
TC0011,REQ2728
TC0011,REQ2729
TC0012,REQ2690
TC0012,REQ2721
TC0012,REQ2725
TC0012,REQ2723
TC0012,REQ2722
TC0012,REQ2724
TC0013,REQ2702
TC0014,REQ2703
TC0015,REQ2704
TC0016,REQ2691
TC0017,REQ2693
TC0018,REQ2696
TC0019,REQ2697
TC0020,REQ2698
TC0021,REQ2718
TC0022,REQ2737
TC0023,REQ2738
TC0024,REQ2755
TC0025,REQ2700
TC0025,REQ2699
TC0026,REQ2734
TC0026,REQ2733
TC0027,REQ2714
TC0027,REQ2700
TC0028,REQ2720
TC0028,REQ2732
TC0029,REQ2706
TC0029,REQ2707
TC0029,REQ2705
TC0029,REQ2749
TC0030,REQ2756
TC0031,REQ2739
TC0031,REQ2754
TC0031,REQ2701
TC0032,REQ2740
TC0032,REQ2741
TC0033,REQ2743
TC0033,REQ2742
TC0034,REQ2744
TC0034,REQ2745
TC0035,REQ2746
TC0035,REQ2747
TC0036,REQ2748
TC0037,REQ2759
TC0037,REQ2758
TC0037,REQ2757
TC0038,REQ1787
TC0038,REQ1814
TC0038,REQ1856
TC0039,REQ1792
TC0039,REQ1791
TC0039,REQ1790
TC0039,REQ1827
TC0039,REQ1789
TC0040,REQ1792
TC0040,REQ1791
TC0040,REQ1788
TC0040,REQ1790
TC0040,REQ1789
TC0041,REQ1790
TC0041,REQ1792
TC0041,REQ1791
TC0041,REQ1789
TC0043,REQ1788
TC0044,REQ1814
TC0044,REQ1856
TC0045,REQ1809
TC0045,REQ1804
TC0045,REQ1807
TC0045,REQ1806
TC0045,REQ1808
TC0045,REQ1794
TC0045,REQ1811
TC0045,REQ1793
TC0045,REQ1831
TC0045,REQ1810
TC0045,REQ1805
TC0045,REQ1830
TC0046,REQ1864
TC0046,REQ1794
TC0046,REQ1793
TC0046,REQ1831
TC0046,REQ1830
TC0047,REQ1812
TC0048,REQ1795
TC0049,REQ1795
TC0050,REQ1796
TC0051,REQ1860
TC0052,REQ1800
TC0052,REQ1799
TC0052,REQ1797
TC0052,REQ1825
TC0052,REQ1795
TC0052,REQ1798
TC0053,REQ1828
TC0053,REQ1801
TC0055,REQ1844
TC0055,REQ1843
TC0056,REQ1802
TC0056,REQ1803
TC0057,REQ1803
TC0058,REQ1829
TC0059,REQ1813
TC0060,REQ1834
TC0060,REQ1836
TC0060,REQ1833
TC0060,REQ1835
TC0061,REQ1826
TC0061,REQ1815
TC0061,REQ1816
TC0062,REQ1815
TC0062,REQ1863
TC0062,REQ1816
TC0063,REQ1826
TC0063,REQ1819
TC0063,REQ1855
TC0064,REQ1819
TC0064,REQ1818
TC0064,REQ1820
TC0064,REQ1817
TC0065,REQ1819
TC0066,REQ1861
TC0066,REQ0774
TC0066,REQ1865
TC0066,REQ1821
TC0066,REQ1862
TC0066,REQ1857
TC0067,REQ0774
TC0067,REQ1821
TC0067,REQ1861
TC0068,REQ1859
TC0068,REQ1858
TC0068,REQ1822
TC0069,REQ1822
TC0071,REQ1841
TC0071,REQ1839
TC0071,REQ1838
TC0071,REQ1840
TC0071,REQ1837
TC0071,REQ1842
TC0072,REQ1838
TC0072,REQ1837
TC0074,REQ1663
TC0074,REQ1823
TC0075,REQ1832
TC0076,REQ1848
TC0077,REQ1824
TC0077,REQ1825
TC0081,REQ1846
TC0081,REQ1847
TC0081,REQ1845
TC0082,REQ1846
TC0082,REQ1847
TC0082,REQ1845
TC0084,REQ1849
TC0085,REQ1850
TC0086,REQ1851
TC0087,REQ1852
TC0088,REQ1853
TC0089,REQ1854
TC0090,REQ2110
TC0090,REQ2103
TC0090,REQ2114
TC0092,REQ2110
TC0092,REQ2104
TC0092,REQ2114
TC0093,REQ2110
TC0093,REQ2105
TC0093,REQ2114
TC0094,REQ2115
TC0094,REQ2103
TC0094,REQ2108
TC0095,REQ2109
TC0095,REQ2110
TC0095,REQ2114
TC0095,REQ2132
TC0096,REQ2111
TC0097,REQ2110
TC0097,REQ2106
TC0097,REQ2114
TC0099,REQ2113
TC0099,REQ2112
TC0101,REQ2117
TC0101,REQ2116
TC0103,REQ2119
TC0103,REQ2118
TC0104,REQ2121
TC0104,REQ2120
TC0105,REQ2129
TC0105,REQ2128
TC0105,REQ2110
TC0105,REQ2114
TC0106,REQ2122
TC0107,REQ2123
TC0108,REQ2125
TC0108,REQ2124
TC0109,REQ2127
TC0109,REQ2126
TC0110,REQ2130
TC0110,REQ2131
TC0111,REQ1045
TC0111,REQ1035
TC0111,REQ1032
TC0112,REQ1046
TC0112,REQ1037
TC0112,REQ1072
TC0112,REQ1039
TC0112,REQ1038
TC0112,REQ1032
TC0112,REQ1035
TC0113,REQ1044
TC0114,REQ1040
TC0114,REQ1041
TC0115,REQ1042
TC0115,REQ1043
TC0118,REQ1071
TC0119,REQ1049
TC0120,REQ1075
TC0120,REQ1073
TC0120,REQ1076
TC0120,REQ1074
TC0121,REQ1050
TC0121,REQ1047
TC0121,REQ1048
TC0121,REQ1051
TC0122,REQ1052
TC0122,REQ1053
TC0123,REQ1069
TC0123,REQ1070
TC0124,REQ1069
TC0124,REQ1070
TC0125,REQ1069
TC0125,REQ1070
TC0126,REQ1054
TC0126,REQ1055
TC0127,REQ1056
TC0127,REQ1057
TC0128,REQ1061
TC0128,REQ1060
TC0129,REQ1059
TC0129,REQ1058
TC0130,REQ1063
TC0130,REQ1065
TC0130,REQ1064
TC0130,REQ1062
TC0130,REQ1066
TC0131,REQ1067
TC0131,REQ1068
TC0132,REQ1077
TC0132,REQ1078
TC0133,REQ1135
TC0133,REQ1128
TC0134,REQ1130
TC0134,REQ1132
TC0134,REQ1129
TC0134,REQ1136
TC0134,REQ1131
TC0135,REQ1134
TC0135,REQ1137
TC0135,REQ1138
TC0135,REQ1133
TC0137,REQ0632
TC0137,REQ0172
TC0137,REQ0645
TC0137,REQ0635
TC0138,REQ0632
TC0138,REQ0686
TC0138,REQ0640
TC0138,REQ0633
TC0140,REQ0685
TC0140,REQ0635
TC0141,REQ0645
TC0141,REQ0639
TC0142,REQ0686
TC0143,REQ0642
TC0143,REQ0671
TC0143,REQ0643
TC0144,REQ0633
TC0145,REQ0676
TC0145,REQ0677
TC0146,REQ0640
TC0146,REQ0639
TC0147,REQ0691
TC0147,REQ0641
TC0147,REQ0690
TC0148,REQ0689
TC0148,REQ0688
TC0149,REQ0692
TC0149,REQ0693
TC0150,REQ0661
TC0150,REQ0648
TC0151,REQ0662
TC0151,REQ0663
TC0152,REQ0665
TC0152,REQ0664
TC0153,REQ0667
TC0153,REQ0666
TC0154,REQ0683
TC0154,REQ0684
TC0154,REQ0674
TC0155,REQ0683
TC0155,REQ0684
TC0155,REQ0674
TC0156,REQ0488
TC0156,REQ0637
TC0156,REQ0669
TC0156,REQ0649
TC0156,REQ0636
TC0157,REQ0646
TC0157,REQ0668
TC0157,REQ0647
TC0157,REQ0673
TC0158,REQ0650
TC0159,REQ0638
TC0160,REQ0651
TC0160,REQ0672
TC0160,REQ0695
TC0160,REQ0694
TC0160,REQ0652
TC0161,REQ0653
TC0162,REQ0670
TC0164,REQ0679
TC0164,REQ0656
TC0164,REQ0654
TC0164,REQ0680
TC0164,REQ0655
TC0165,REQ0658
TC0165,REQ0659
TC0165,REQ0598
TC0165,REQ0678
TC0166,REQ0660
TC0166,REQ0657
TC0167,REQ0682
TC0167,REQ0657
TC0167,REQ0681
TC0168,REQ0682
TC0168,REQ0681
TC0169,REQ0678
TC0184,REQ1905
TC0184,REQ1902
TC0184,REQ1903
TC0184,REQ1904
TC0188,REQ1906
TC0189,REQ1906
TC0190,REQ1906
TC0191,REQ1907
TC0191,REQ1908
TC0193,REQ1930
TC0194,REQ1922
TC0194,REQ1921
TC0194,REQ1919
TC0194,REQ1924
TC0194,REQ1917
TC0194,REQ1916
TC0194,REQ1923
TC0194,REQ1926
TC0194,REQ1928
TC0194,REQ1925
TC0194,REQ1927
TC0194,REQ1914
TC0194,REQ1929
TC0194,REQ1920
TC0194,REQ1915
TC0194,REQ1918
TC0196,REQ1922
TC0196,REQ1921
TC0196,REQ1919
TC0196,REQ1924
TC0196,REQ1917
TC0196,REQ1916
TC0196,REQ1923
TC0196,REQ1926
TC0196,REQ1928
TC0196,REQ1913
TC0196,REQ1925
TC0196,REQ1927
TC0196,REQ1914
TC0196,REQ1929
TC0196,REQ1920
TC0196,REQ1915
TC0196,REQ1918
TC0198,REQ1922
TC0198,REQ1921
TC0198,REQ1919
TC0198,REQ1924
TC0198,REQ1928
TC0198,REQ1923
TC0198,REQ1926
TC0198,REQ1927
TC0198,REQ1914
TC0198,REQ1929
TC0198,REQ1920
TC0198,REQ1915
TC0198,REQ1918
TC0200,REQ1929
TC0200,REQ1925
TC0200,REQ1917
TC0200,REQ1916
TC0201,REQ1931
TC0202,REQ1931
TC0203,REQ1932
TC0204,REQ1933
TC0205,REQ1911
TC0205,REQ1929
TC0205,REQ1912
TC0205,REQ1910
TC0205,REQ1909
TC0206,REQ1912
TC0206,REQ1929
TC0206,REQ1910
TC0206,REQ1911
TC0207,REQ1936
TC0208,REQ1935
TC0209,REQ1934
TC0210,REQ1713
TC0211,REQ1717
TC0211,REQ1719
TC0211,REQ1718
TC0212,REQ1719
TC0213,REQ1717
TC0213,REQ1714
TC0213,REQ1713
TC0214,REQ1715
TC0214,REQ1716
TC0217,REQ1753
TC0217,REQ1752
TC0217,REQ1750
TC0217,REQ1751
TC0218,REQ1785
TC0218,REQ1720
TC0218,REQ1754
TC0219,REQ1784
TC0219,REQ1722
TC0219,REQ1755
TC0220,REQ1202
TC0221,REQ1721
TC0222,REQ1723
TC0222,REQ1724
TC0223,REQ1726
TC0223,REQ1725
TC0224,REQ1757
TC0224,REQ1728
TC0225,REQ1756
TC0225,REQ1727
TC0225,REQ1786
TC0226,REQ1729
TC0227,REQ1732
TC0227,REQ1731
TC0228,REQ1758
TC0228,REQ1730
TC0228,REQ1733
TC0228,REQ1734
TC0228,REQ1735
TC0229,REQ1758
TC0229,REQ1730
TC0229,REQ1733
TC0229,REQ1734
TC0229,REQ1735
TC0230,REQ1778
TC0230,REQ1781
TC0230,REQ1780
TC0230,REQ1777
TC0230,REQ1779
TC0231,REQ1780
TC0231,REQ1778
TC0231,REQ1781
TC0233,REQ1736
TC0234,REQ1737
TC0234,REQ1759
TC0235,REQ1762
TC0235,REQ1763
TC0236,REQ1764
TC0236,REQ1765
TC0237,REQ1767
TC0237,REQ1766
TC0240,REQ1768
TC0240,REQ1769
TC0242,REQ1775
TC0242,REQ1774
TC0243,REQ1783
TC0243,REQ1782
TC0244,REQ1738
TC0245,REQ1739
TC0246,REQ1773
TC0246,REQ1760
TC0246,REQ1772
TC0246,REQ1740
TC0248,REQ1743
TC0248,REQ1744
TC0248,REQ1742
TC0249,REQ1743
TC0249,REQ1744
TC0249,REQ1742
TC0250,REQ1776
TC0251,REQ1745
TC0251,REQ1761
TC0252,REQ1746
TC0253,REQ1747
TC0254,REQ1770
TC0255,REQ1771
TC0256,REQ1748
TC0256,REQ1749
TC0258,REQ0922
TC0259,REQ0900
TC0259,REQ0892
TC0260,REQ0901
TC0260,REQ0900
TC0260,REQ0892
TC0261,REQ0772
TC0262,REQ0916
TC0263,REQ0768
TC0263,REQ0810
TC0264,REQ0866
TC0265,REQ0921
TC0266,REQ0793
TC0266,REQ0795
TC0267,REQ0806
TC0267,REQ0807
TC0268,REQ0796
TC0268,REQ0798
TC0268,REQ0797
TC0269,REQ0799
TC0270,REQ0803
TC0270,REQ0801
TC0270,REQ0804
TC0270,REQ0800
TC0271,REQ0803
TC0271,REQ0801
TC0271,REQ0804
TC0272,REQ0802
TC0273,REQ0698
TC0273,REQ0811
TC0273,REQ0748
TC0274,REQ0808
TC0274,REQ0805
TC0275,REQ0809
TC0276,REQ0725
TC0278,REQ0919
TC0279,REQ0771
TC0280,REQ0928
TC0280,REQ0927
TC0281,REQ0771
TC0282,REQ0770
TC0283,REQ0779
TC0283,REQ0778
TC0283,REQ0777
TC0284,REQ0780
TC0285,REQ0787
TC0286,REQ0871
TC0286,REQ0782
TC0286,REQ0875
TC0286,REQ0784
TC0287,REQ0871
TC0287,REQ0782
TC0287,REQ0875
TC0287,REQ0784
TC0288,REQ0785
TC0289,REQ0786
TC0289,REQ0870
TC0289,REQ0876
TC0290,REQ0917
TC0291,REQ0790
TC0291,REQ0788
TC0291,REQ0877
TC0291,REQ0915
TC0292,REQ0790
TC0292,REQ0915
TC0293,REQ0789
TC0294,REQ0789
TC0295,REQ0791
TC0295,REQ0792
TC0295,REQ0907
TC0297,REQ0912
TC0297,REQ0913
TC0297,REQ0911
TC0297,REQ0914
TC0298,REQ0926
TC0299,REQ0865
TC0300,REQ0891
TC0300,REQ0890
TC0301,REQ0818
TC0301,REQ0812
TC0302,REQ0818
TC0302,REQ0812
TC0303,REQ0909
TC0303,REQ0910
TC0303,REQ0872
TC0304,REQ0826
TC0304,REQ0827
TC0305,REQ0828
TC0306,REQ0834
TC0306,REQ0829
TC0307,REQ0833
TC0307,REQ0832
TC0308,REQ0833
TC0308,REQ0832
TC0309,REQ0879
TC0309,REQ0831
TC0309,REQ0908
TC0309,REQ0830
TC0309,REQ0878
TC0310,REQ0838
TC0310,REQ0836
TC0310,REQ0837
TC0310,REQ0835
TC0311,REQ0838
TC0312,REQ0839
TC0312,REQ0840
TC0313,REQ0874
TC0313,REQ0873
TC0315,REQ0841
TC0316,REQ0844
TC0316,REQ0842
TC0316,REQ0773
TC0316,REQ0893
TC0317,REQ0844
TC0317,REQ0842
TC0317,REQ0773
TC0317,REQ0893
TC0318,REQ0845
TC0320,REQ0918
TC0330,REQ0849
TC0330,REQ0842
TC0330,REQ0852
TC0330,REQ0843
TC0330,REQ0902
TC0331,REQ0850
TC0331,REQ0904
TC0331,REQ0853
TC0331,REQ0882
TC0331,REQ0881
TC0331,REQ0903
TC0332,REQ0903
TC0332,REQ0904
TC0332,REQ0853
TC0332,REQ0882
TC0333,REQ0868
TC0333,REQ0886
TC0334,REQ0861
TC0334,REQ0885
TC0335,REQ0822
TC0335,REQ0819
TC0335,REQ0863
TC0336,REQ0854
TC0336,REQ0862
TC0336,REQ0887
TC0337,REQ0849
TC0337,REQ0846
TC0338,REQ0862
TC0338,REQ0842
TC0338,REQ0848
TC0338,REQ0825
TC0338,REQ0823
TC0338,REQ0820
TC0338,REQ0843
TC0338,REQ0863
TC0338,REQ0847
TC0338,REQ0821
TC0338,REQ0864
TC0338,REQ0855
TC0338,REQ0824
TC0339,REQ0862
TC0339,REQ0885
TC0339,REQ0863
TC0339,REQ0822
TC0339,REQ0861
TC0339,REQ0819
TC0340,REQ0886
TC0340,REQ0862
TC0340,REQ0868
TC0340,REQ0863
TC0341,REQ0854
TC0341,REQ0862
TC0341,REQ0887
TC0341,REQ0863
TC0342,REQ0888
TC0342,REQ0869
TC0343,REQ0889
TC0343,REQ0856
TC0344,REQ0857
TC0344,REQ0880
TC0344,REQ0842
TC0344,REQ0843
TC0345,REQ0883
TC0345,REQ0858
TC0345,REQ0906
TC0345,REQ0905
TC0346,REQ0884
TC0346,REQ0859
TC0346,REQ0906
TC0346,REQ0905
TC0346,REQ0860
TC0347,REQ0884
TC0347,REQ0904
TC0347,REQ0882
TC0347,REQ0906
TC0347,REQ0883
TC0347,REQ0881
TC0349,REQ0867
TC0350,REQ0920
TC0351,REQ0923
TC0351,REQ0925
TC0351,REQ0924
TC0352,REQ2536
TC0352,REQ3012
TC0352,REQ2535
TC0352,REQ3011
TC0353,REQ2536
TC0353,REQ3012
TC0353,REQ2535
TC0353,REQ3011
TC0354,REQ2001
TC0354,REQ0167
TC0354,REQ3091
TC0354,REQ2002
TC0354,REQ3013
TC0354,REQ3090
TC0355,REQ3092
TC0355,REQ3016
TC0355,REQ0147
TC0355,REQ3014
TC0355,REQ0146
TC0357,REQ0148
TC0358,REQ0151
TC0358,REQ0383
TC0358,REQ2030
TC0358,REQ3019
TC0358,REQ3024
TC0358,REQ3018
TC0358,REQ2003
TC0358,REQ3089
TC0359,REQ3022
TC0359,REQ3021
TC0359,REQ2031
TC0360,REQ3023
TC0361,REQ3023
TC0361,REQ0150
TC0361,REQ3024
TC0361,REQ3020
TC0361,REQ3018
TC0361,REQ2003
TC0361,REQ3021
TC0363,REQ3017
TC0364,REQ3093
TC0365,REQ0381
TC0366,REQ0675
TC0367,REQ3050
TC0367,REQ3049
TC0367,REQ3015
TC0368,REQ3027
TC0368,REQ3025
TC0368,REQ3026
TC0368,REQ0687
TC0369,REQ3026
TC0369,REQ0687
TC0369,REQ0149
TC0370,REQ3075
TC0371,REQ3029
TC0371,REQ3030
TC0371,REQ3028
TC0371,REQ3031
TC0371,REQ3033
TC0371,REQ3036
TC0371,REQ3032
TC0371,REQ3035
TC0371,REQ2021
TC0371,REQ3034
TC0371,REQ1416
TC0372,REQ3038
TC0372,REQ3040
TC0372,REQ3037
TC0372,REQ3041
TC0372,REQ3039
TC0372,REQ1417
TC0373,REQ3038
TC0373,REQ3040
TC0373,REQ3037
TC0373,REQ3041
TC0373,REQ3039
TC0373,REQ1417
TC0374,REQ3051
TC0374,REQ3052
TC0374,REQ3094
TC0374,REQ3053
TC0374,REQ0622
TC0374,REQ3054
TC0374,REQ3095
TC0374,REQ3102
TC0374,REQ3042
TC0374,REQ3043
TC0374,REQ3074
TC0375,REQ3096
TC0376,REQ3047
TC0376,REQ3046
TC0376,REQ3044
TC0376,REQ3045
TC0378,REQ2107
TC0379,REQ0930
TC0379,REQ3048
TC0379,REQ0931
TC0380,REQ3097
TC0381,REQ3059
TC0381,REQ3061
TC0381,REQ3062
TC0381,REQ3060
TC0382,REQ3079
TC0382,REQ3078
TC0383,REQ3076
TC0383,REQ3063
TC0384,REQ3100
TC0384,REQ3101
TC0385,REQ3066
TC0385,REQ3064
TC0385,REQ3065
TC0385,REQ3067
TC0386,REQ3057
TC0386,REQ3056
TC0386,REQ3055
TC0386,REQ3058
TC0387,REQ3069
TC0387,REQ3077
TC0387,REQ3068
TC0388,REQ1200
TC0388,REQ3099
TC0388,REQ3073
TC0388,REQ1198
TC0388,REQ3072
TC0388,REQ0644
TC0388,REQ3098
TC0389,REQ1200
TC0389,REQ3072
TC0389,REQ1198
TC0390,REQ3070
TC0390,REQ3071
TC0391,REQ3081
TC0391,REQ3080
TC0392,REQ0015
TC0393,REQ3082
TC0393,REQ3083
TC0393,REQ3088
TC0394,REQ3086
TC0394,REQ3087
TC0394,REQ3085
TC0394,REQ3084
TC0395,REQ1741
TC0396,REQ3103
TC0396,REQ3104
TC0397,REQ1232
TC0397,REQ1228
TC0397,REQ1227
TC0397,REQ1239
TC0398,REQ1229
TC0398,REQ1239
TC0398,REQ1230
TC0398,REQ1231
TC0398,REQ1235
TC0399,REQ1238
TC0399,REQ1236
TC0399,REQ1237
TC0400,REQ1234
TC0401,REQ1233
TC0404,REQ1240
TC0406,REQ2004
TC0407,REQ2007
TC0407,REQ2000
TC0408,REQ2010
TC0408,REQ2008
TC0408,REQ2009
TC0408,REQ2006
TC0408,REQ2005
TC0409,REQ2012
TC0409,REQ2011
TC0410,REQ2014
TC0410,REQ2013
TC0410,REQ2015
TC0411,REQ2016
TC0412,REQ2017
TC0413,REQ2018
TC0413,REQ1033
TC0414,REQ2019
TC0415,REQ2022
TC0415,REQ2020
TC0416,REQ2022
TC0416,REQ2020
TC0417,REQ2023
TC0418,REQ2024
TC0419,REQ2075
TC0420,REQ2076
TC0421,REQ2077
TC0422,REQ2025
TC0423,REQ2025
TC0424,REQ2026
TC0425,REQ2027
TC0426,REQ2028
TC0427,REQ2032
TC0427,REQ2033
TC0427,REQ2034
TC0427,REQ2036
TC0427,REQ2029
TC0427,REQ2035
TC0428,REQ2097
TC0428,REQ2034
TC0428,REQ2036
TC0430,REQ0314
TC0431,REQ0315
TC0432,REQ2037
TC0433,REQ2038
TC0433,REQ2039
TC0433,REQ2040
TC0433,REQ2046
TC0433,REQ2041
TC0433,REQ2045
TC0434,REQ2038
TC0434,REQ2039
TC0434,REQ2040
TC0434,REQ2043
TC0435,REQ2095
TC0436,REQ2048
TC0436,REQ2047
TC0437,REQ2096
TC0438,REQ2049
TC0438,REQ2052
TC0438,REQ2050
TC0438,REQ2088
TC0438,REQ2051
TC0439,REQ2055
TC0439,REQ2056
TC0439,REQ2053
TC0439,REQ2054
TC0440,REQ2083
TC0440,REQ2085
TC0440,REQ2082
TC0440,REQ2084
TC0441,REQ2063
TC0441,REQ2061
TC0441,REQ2058
TC0441,REQ2057
TC0441,REQ2062
TC0442,REQ2060
TC0442,REQ2059
TC0442,REQ2058
TC0442,REQ2086
TC0442,REQ2057
TC0443,REQ2061
TC0443,REQ2058
TC0443,REQ2086
TC0443,REQ2057
TC0443,REQ2062
TC0444,REQ2058
TC0444,REQ2061
TC0444,REQ2057
TC0445,REQ2064
TC0446,REQ2065
TC0447,REQ2071
TC0447,REQ2069
TC0447,REQ2067
TC0447,REQ2068
TC0447,REQ2066
TC0447,REQ2070
TC0448,REQ2072
TC0449,REQ2073
TC0450,REQ2074
TC0451,REQ2079
TC0451,REQ2078
TC0452,REQ2080
TC0452,REQ2081
TC0453,REQ2094
TC0453,REQ2093
TC0453,REQ2091
TC0453,REQ2092
TC0454,REQ2090
TC0454,REQ2089
TC0455,REQ2061
TC0455,REQ2060
TC0455,REQ2059
TC0455,REQ2058
TC0455,REQ2087
TC0455,REQ2086
TC0455,REQ2057
TC0455,REQ2062
TC0456,REQ2064
TC0457,REQ2065
TC0458,REQ1192
TC0458,REQ1172
TC0458,REQ1191
TC0458,REQ1168
TC0458,REQ1225
TC0458,REQ1170
TC0458,REQ1174
TC0458,REQ1189
TC0458,REQ1173
TC0458,REQ1224
TC0458,REQ1223
TC0458,REQ1171
TC0460,REQ1181
TC0460,REQ1188
TC0460,REQ1175
TC0461,REQ1183
TC0461,REQ1188
TC0461,REQ1182
TC0461,REQ1177
TC0461,REQ1176
TC0462,REQ1178
TC0462,REQ1184
TC0462,REQ1188
TC0463,REQ1219
TC0463,REQ1218
TC0464,REQ1195
TC0464,REQ1226
TC0465,REQ1194
TC0465,REQ1226
TC0467,REQ1206
TC0467,REQ1203
TC0467,REQ1185
TC0468,REQ1207
TC0469,REQ1208
TC0469,REQ1209
TC0470,REQ1205
TC0470,REQ1206
TC0470,REQ1204
TC0471,REQ1151
TC0472,REQ1186
TC0472,REQ1152
TC0473,REQ1153
TC0474,REQ1154
TC0475,REQ1155
TC0476,REQ1187
TC0477,REQ1156
TC0477,REQ1157
TC0478,REQ1158
TC0478,REQ1159
TC0479,REQ1161
TC0479,REQ1160
TC0480,REQ1163
TC0480,REQ1162
TC0481,REQ1164
TC0481,REQ1165
TC0482,REQ1166
TC0483,REQ1167
TC0483,REQ1190
TC0484,REQ1197
TC0484,REQ1199
TC0485,REQ1193
TC0486,REQ1201
TC0487,REQ1196
TC0490,REQ1210
TC0490,REQ1211
TC0491,REQ1212
TC0491,REQ1213
TC0492,REQ1215
TC0492,REQ1214
TC0493,REQ1216
TC0493,REQ1217
TC0494,REQ1222
TC0494,REQ1220
TC0495,REQ0045
TC0495,REQ0068
TC0496,REQ0061
TC0496,REQ0046
TC0497,REQ0079
TC0498,REQ0048
TC0499,REQ0050
TC0500,REQ0051
TC0501,REQ0080
TC0502,REQ0072
TC0503,REQ0075
TC0504,REQ0001
TC0504,REQ0054
TC0504,REQ0052
TC0504,REQ0053
TC0505,REQ0028
TC0505,REQ0076
TC0505,REQ0077
TC0506,REQ0010
TC0506,REQ0071
TC0506,REQ0008
TC0506,REQ0055
TC0506,REQ0069
TC0506,REQ0059
TC0506,REQ0058
TC0507,REQ0058
TC0507,REQ0009
TC0507,REQ0070
TC0508,REQ0011
TC0508,REQ0058
TC0509,REQ0124
TC0509,REQ0058
TC0509,REQ0041
TC0510,REQ0041
TC0511,REQ0066
TC0511,REQ0125
TC0511,REQ0105
TC0511,REQ0057
TC0512,REQ0067
TC0512,REQ0106
TC0512,REQ0063
TC0513,REQ0067
TC0513,REQ0106
TC0513,REQ0063
TC0514,REQ0081
TC0514,REQ0117
TC0514,REQ0039
TC0514,REQ0038
TC0514,REQ0065
TC0515,REQ0078
TC0516,REQ0021
TC0516,REQ0074
TC0516,REQ0073
TC0517,REQ0020
TC0517,REQ0060
TC0517,REQ0082
TC0517,REQ0032
TC0518,REQ0140
TC0518,REQ0139
TC0518,REQ0044
TC0519,REQ0142
TC0519,REQ0043
TC0519,REQ0141
TC0519,REQ0042
TC0520,REQ0083
TC0521,REQ0126
TC0522,REQ0092
TC0522,REQ0115
TC0522,REQ0120
TC0522,REQ0129
TC0522,REQ0085
TC0522,REQ0094
TC0522,REQ0091
TC0522,REQ0098
TC0522,REQ0138
TC0522,REQ0093
TC0522,REQ0086
TC0522,REQ0087
TC0522,REQ0084
TC0522,REQ0132
TC0522,REQ0127
TC0522,REQ0114
TC0522,REQ0089
TC0522,REQ0113
TC0522,REQ0121
TC0522,REQ0134
TC0522,REQ0135
TC0522,REQ0128
TC0522,REQ0136
TC0522,REQ0097
TC0522,REQ0088
TC0522,REQ0133
TC0522,REQ0099
TC0522,REQ0122
TC0522,REQ0118
TC0522,REQ0123
TC0522,REQ0130
TC0522,REQ0119
TC0522,REQ0137
TC0522,REQ0090
TC0522,REQ0116
TC0522,REQ0131
TC0522,REQ0095
TC0522,REQ0096
TC0523,REQ0101
TC0523,REQ0100
TC0524,REQ0034
TC0524,REQ0024
TC0524,REQ0102
TC0525,REQ0103
TC0525,REQ0025
TC0525,REQ0104
TC0525,REQ0035
TC0526,REQ0111
TC0526,REQ0112
TC0526,REQ0040
TC0526,REQ0107
TC0527,REQ0111
TC0527,REQ0108
TC0527,REQ0110
TC0527,REQ0109
TC0528,REQ2170
TC0528,REQ2573
TC0528,REQ2173
TC0528,REQ2327
TC0528,REQ2174
TC0528,REQ2171
TC0528,REQ2165
TC0531,REQ2192
TC0531,REQ2193
TC0531,REQ2189
TC0531,REQ2190
TC0531,REQ2191
TC0531,REQ2575
TC0531,REQ2165
TC0534,REQ2612
TC0534,REQ2572
TC0534,REQ2571
TC0535,REQ2537
TC0535,REQ2612
TC0535,REQ2655
TC0535,REQ2657
TC0535,REQ2571
TC0535,REQ2656
TC0535,REQ2572
TC0535,REQ2538
TC0536,REQ2572
TC0536,REQ2571
TC0537,REQ2596
TC0537,REQ2594
TC0537,REQ2683
TC0537,REQ2168
TC0537,REQ2429
TC0537,REQ2684
TC0538,REQ2432
TC0538,REQ2611
TC0538,REQ2410
TC0538,REQ2408
TC0539,REQ2167
TC0539,REQ2634
TC0539,REQ2621
TC0539,REQ2428
TC0539,REQ2595
TC0540,REQ2622
TC0540,REQ2633
TC0540,REQ2577
TC0540,REQ2431
TC0540,REQ2407
TC0543,REQ2635
TC0543,REQ2490
TC0543,REQ2637
TC0543,REQ2489
TC0543,REQ2636
TC0545,REQ2636
TC0545,REQ2635
TC0546,REQ2574
TC0546,REQ2166
TC0546,REQ2401
TC0548,REQ2653
TC0549,REQ2401
TC0549,REQ2166
TC0549,REQ2195
TC0549,REQ2576
TC0549,REQ2312
TC0551,REQ2632
TC0551,REQ2599
TC0553,REQ2599
TC0554,REQ2672
TC0555,REQ2513
TC0555,REQ2512
TC0555,REQ2650
TC0555,REQ2651
TC0555,REQ2652
TC0556,REQ2652
TC0556,REQ2512
TC0557,REQ2554
TC0557,REQ2666
TC0557,REQ2667
TC0557,REQ2668
TC0557,REQ2555
TC0558,REQ2670
TC0558,REQ2671
TC0558,REQ2442
TC0558,REQ2202
TC0558,REQ2669
TC0560,REQ2630
TC0560,REQ2579
TC0560,REQ2623
TC0560,REQ2414
TC0560,REQ2444
TC0561,REQ2626
TC0562,REQ2491
TC0562,REQ2492
TC0562,REQ2638
TC0564,REQ2486
TC0564,REQ2631
TC0564,REQ2485
TC0564,REQ2624
TC0566,REQ2625
TC0569,REQ2660
TC0569,REQ2661
TC0569,REQ2659
TC0571,REQ2583
TC0571,REQ2578
TC0571,REQ2580
TC0571,REQ2582
TC0571,REQ2608
TC0571,REQ2646
TC0571,REQ2581
TC0571,REQ2609
TC0572,REQ2680
TC0573,REQ2665
TC0574,REQ2654
TC0579,REQ2592
TC0579,REQ2593
TC0580,REQ2592
TC0580,REQ2593
TC0582,REQ2627
TC0582,REQ2628
TC0583,REQ2674
TC0583,REQ2675
TC0583,REQ2676
TC0584,REQ2674
TC0584,REQ2676
TC0584,REQ2673
TC0585,REQ2674
TC0585,REQ2676
TC0585,REQ2673
TC0586,REQ2677
TC0586,REQ2679
TC0586,REQ2678
TC0587,REQ2677
TC0587,REQ2678
TC0588,REQ2662
TC0590,REQ2590
TC0590,REQ2602
TC0591,REQ2590
TC0591,REQ2602
TC0592,REQ2590
TC0592,REQ2602
TC0593,REQ2618
TC0594,REQ2603
TC0594,REQ2598
TC0594,REQ2610
TC0595,REQ2591
TC0596,REQ2591
TC0597,REQ2639
TC0597,REQ2607
TC0597,REQ2614
TC0597,REQ2589
TC0597,REQ2606
TC0597,REQ2588
TC0597,REQ2597
TC0598,REQ2681
TC0598,REQ2682
TC0599,REQ2647
TC0599,REQ2649
TC0599,REQ2648
TC0600,REQ2620
TC0601,REQ2619
TC0607,REQ2610
TC0607,REQ2243
TC0607,REQ2478
TC0607,REQ2493
TC0607,REQ2617
TC0607,REQ2406
TC0609,REQ2276
TC0609,REQ2245
TC0609,REQ2196
TC0609,REQ2585
TC0609,REQ2605
TC0609,REQ2294
TC0609,REQ2461
TC0609,REQ2463
TC0609,REQ2292
TC0609,REQ2384
TC0609,REQ2172
TC0609,REQ2244
TC0609,REQ2613
TC0609,REQ2277
TC0609,REQ2293
TC0609,REQ2598
TC0609,REQ2413
TC0609,REQ2415
TC0609,REQ2247
TC0609,REQ2604
TC0609,REQ2208
TC0610,REQ2384
TC0610,REQ2598
TC0610,REQ2605
TC0611,REQ2639
TC0611,REQ2281
TC0611,REQ2251
TC0611,REQ2422
TC0611,REQ2454
TC0611,REQ2629
TC0612,REQ2605
TC0612,REQ2584
TC0613,REQ2415
TC0613,REQ2282
TC0613,REQ2295
TC0613,REQ2384
TC0613,REQ2283
TC0613,REQ2584
TC0613,REQ2461
TC0613,REQ2605
TC0613,REQ2598
TC0613,REQ2413
TC0613,REQ2191
TC0613,REQ2463
TC0613,REQ2586
TC0613,REQ2613
TC0613,REQ2250
TC0613,REQ2208
TC0613,REQ2604
TC0614,REQ2251
TC0614,REQ2455
TC0614,REQ2422
TC0614,REQ2287
TC0614,REQ2629
TC0617,REQ2252
TC0617,REQ2288
TC0617,REQ2587
TC0617,REQ2605
TC0617,REQ2279
TC0617,REQ2278
TC0617,REQ2462
TC0617,REQ2604
TC0617,REQ2615
TC0618,REQ2251
TC0618,REQ2288
TC0618,REQ2587
TC0618,REQ2285
TC0618,REQ2605
TC0618,REQ2253
TC0618,REQ2284
TC0618,REQ2462
TC0618,REQ2604
TC0618,REQ2615
TC0619,REQ2615
TC0619,REQ2605
TC0619,REQ2629
TC0620,REQ2584
TC0620,REQ2598
TC0620,REQ2616
TC0620,REQ2615
TC0620,REQ2629
TC0621,REQ2603
TC0621,REQ2620
TC0621,REQ2682
TC0621,REQ2681
TC0621,REQ2629
TC0622,REQ2603
TC0623,REQ2603
TC0623,REQ2681
TC0623,REQ2682
TC0623,REQ2629
TC0624,REQ2629
TC0625,REQ2629
TC0626,REQ2629
TC0627,REQ2643
TC0627,REQ2664
TC0627,REQ2644
TC0628,REQ2642
TC0628,REQ2641
TC0628,REQ2658
TC0629,REQ2642
TC0629,REQ2645
TC0629,REQ2640
TC0630,REQ2645
TC0630,REQ2640
TC0631,REQ2641
TC0631,REQ2663
TC0632,REQ0291
TC0632,REQ0292
TC0632,REQ0293
TC0632,REQ0371
TC0633,REQ0295
TC0633,REQ0296
TC0633,REQ0431
TC0633,REQ0294
TC0634,REQ0297
TC0634,REQ0299
TC0634,REQ0298
TC0635,REQ0380
TC0636,REQ0373
TC0636,REQ0307
TC0636,REQ0306
TC0636,REQ0300
TC0637,REQ0302
TC0637,REQ0301
TC0638,REQ0384
TC0638,REQ0382
TC0639,REQ0304
TC0639,REQ0303
TC0640,REQ0378
TC0640,REQ0379
TC0641,REQ0305
TC0642,REQ0385
TC0642,REQ0386
TC0643,REQ0318
TC0643,REQ0308
TC0643,REQ0389
TC0644,REQ0309
TC0644,REQ0317
TC0644,REQ0388
TC0645,REQ0387
TC0645,REQ0316
TC0645,REQ0311
TC0646,REQ0310
TC0647,REQ0312
TC0648,REQ0313
TC0649,REQ0416
TC0649,REQ0417
TC0649,REQ0390
TC0649,REQ0319
TC0650,REQ0392
TC0650,REQ0322
TC0650,REQ0434
TC0650,REQ0320
TC0650,REQ0321
TC0650,REQ0375
TC0650,REQ0391
TC0651,REQ0323
TC0651,REQ0393
TC0651,REQ0394
TC0651,REQ0324
TC0651,REQ0435
TC0651,REQ0376
TC0651,REQ0325
TC0652,REQ0438
TC0652,REQ0372
TC0653,REQ0328
TC0653,REQ0436
TC0653,REQ0377
TC0653,REQ0395
TC0653,REQ0398
TC0653,REQ0330
TC0653,REQ0327
TC0653,REQ0326
TC0653,REQ0396
TC0653,REQ0397
TC0653,REQ0437
TC0653,REQ0329
TC0654,REQ0331
TC0654,REQ0439
TC0655,REQ0428
TC0655,REQ0332
TC0657,REQ0432
TC0657,REQ0433
TC0658,REQ0374
TC0659,REQ0413
TC0659,REQ0412
TC0660,REQ0414
TC0660,REQ0415
TC0662,REQ0333
TC0662,REQ0399
TC0663,REQ0400
TC0663,REQ0401
TC0663,REQ0334
TC0663,REQ0335
TC0664,REQ0418
TC0664,REQ0419
TC0665,REQ0440
TC0666,REQ0337
TC0666,REQ0338
TC0666,REQ0339
TC0666,REQ0340
TC0666,REQ0342
TC0666,REQ0341
TC0666,REQ0336
TC0667,REQ0346
TC0667,REQ0350
TC0667,REQ0367
TC0667,REQ0348
TC0667,REQ0353
TC0667,REQ0351
TC0667,REQ0366
TC0667,REQ0344
TC0667,REQ0360
TC0667,REQ0357
TC0667,REQ0362
TC0667,REQ0370
TC0667,REQ0363
TC0667,REQ0365
TC0667,REQ0352
TC0667,REQ0358
TC0667,REQ0369
TC0667,REQ0355
TC0667,REQ0359
TC0667,REQ0368
TC0667,REQ0356
TC0667,REQ0364
TC0667,REQ0354
TC0667,REQ0361
TC0668,REQ0345
TC0668,REQ0349
TC0668,REQ0426
TC0668,REQ0424
TC0668,REQ0423
TC0668,REQ0427
TC0668,REQ0343
TC0668,REQ0420
TC0668,REQ0421
TC0668,REQ0422
TC0668,REQ0347
TC0668,REQ0425
TC0695,REQ0402
TC0695,REQ0407
TC0696,REQ0408
TC0696,REQ0403
TC0697,REQ0404
TC0697,REQ0409
TC0698,REQ0410
TC0698,REQ0405
TC0699,REQ0411
TC0699,REQ0406
TC0700,REQ0430
TC0700,REQ0429
TC0701,REQ0441
TC0701,REQ0442
TC0702,REQ1149
TC0703,REQ0896
TC0703,REQ1146
TC0703,REQ0894
TC0704,REQ1147
TC0704,REQ0895
TC0705,REQ0897
TC0706,REQ1148
TC0706,REQ1139
TC0707,REQ1140
TC0708,REQ1141
TC0709,REQ1142
TC0710,REQ1143
TC0711,REQ1150
TC0712,REQ1134
TC0712,REQ0898
TC0712,REQ1133
TC0713,REQ0899
TC0714,REQ1144
TC0715,REQ1145
TC0716,REQ1460
TC0716,REQ1241
TC0717,REQ1562
TC0717,REQ1561
TC0719,REQ1462
TC0719,REQ1366
TC0719,REQ1365
TC0719,REQ1461
TC0720,REQ1464
TC0720,REQ1367
TC0720,REQ1463
TC0720,REQ1368
TC0721,REQ0454
TC0721,REQ0455
TC0721,REQ0541
TC0722,REQ1371
TC0722,REQ1377
TC0722,REQ1374
TC0722,REQ1375
TC0722,REQ1372
TC0722,REQ1520
TC0722,REQ1376
TC0722,REQ1373
TC0722,REQ1418
TC0723,REQ1382
TC0723,REQ1384
TC0723,REQ1385
TC0723,REQ1386
TC0723,REQ1383
TC0723,REQ1387
TC0723,REQ1467
TC0723,REQ0621
TC0724,REQ1390
TC0725,REQ1465
TC0725,REQ1379
TC0726,REQ1363
TC0726,REQ1378
TC0726,REQ1469
TC0726,REQ1466
TC0726,REQ1381
TC0726,REQ1380
TC0727,REQ1391
TC0727,REQ1390
TC0727,REQ1396
TC0727,REQ1394
TC0727,REQ1364
TC0727,REQ1393
TC0727,REQ1409
TC0727,REQ1392
TC0727,REQ1395
TC0727,REQ1471
TC0727,REQ1415
TC0728,REQ1426
TC0728,REQ1430
TC0728,REQ1428
TC0728,REQ1432
TC0728,REQ1537
TC0728,REQ1429
TC0728,REQ1420
TC0729,REQ1427
TC0729,REQ1399
TC0729,REQ1431
TC0729,REQ1397
TC0730,REQ1398
TC0731,REQ1433
TC0731,REQ1438
TC0732,REQ1542
TC0732,REQ1434
TC0733,REQ1440
TC0733,REQ1439
TC0734,REQ1441
TC0735,REQ1435
TC0735,REQ1442
TC0736,REQ1542
TC0736,REQ1436
TC0737,REQ1443
TC0738,REQ1425
TC0738,REQ1421
TC0739,REQ1425
TC0739,REQ1422
TC0740,REQ1423
TC0741,REQ1423
TC0742,REQ1423
TC0743,REQ1423
TC0744,REQ1423
TC0745,REQ1423
TC0746,REQ1425
TC0746,REQ1414
TC0747,REQ1413
TC0748,REQ1408
TC0748,REQ1399
TC0748,REQ1415
TC0748,REQ0477
TC0749,REQ1568
TC0750,REQ1401
TC0750,REQ1402
TC0750,REQ1457
TC0750,REQ1400
TC0750,REQ1407
TC0751,REQ1406
TC0751,REQ1405
TC0751,REQ1403
TC0751,REQ1410
TC0751,REQ1404
TC0751,REQ1563
TC0751,REQ1407
TC0753,REQ1459
TC0753,REQ1551
TC0753,REQ1552
TC0753,REQ1458
TC0754,REQ1552
TC0754,REQ1458
TC0755,REQ1459
TC0755,REQ1458
TC0756,REQ1437
TC0757,REQ1535
TC0757,REQ1245
TC0757,REQ1259
TC0757,REQ1533
TC0757,REQ1247
TC0757,REQ1258
TC0757,REQ1244
TC0757,REQ1257
TC0757,REQ1246
TC0757,REQ1534
TC0757,REQ1256
TC0757,REQ1536
TC0758,REQ1254
TC0758,REQ1252
TC0758,REQ1472
TC0758,REQ1255
TC0758,REQ1253
TC0758,REQ1250
TC0758,REQ1477
TC0758,REQ1475
TC0758,REQ1478
TC0758,REQ1473
TC0758,REQ1249
TC0758,REQ1479
TC0758,REQ1248
TC0758,REQ1474
TC0758,REQ1476
TC0758,REQ1251
TC0759,REQ1564
TC0759,REQ1559
TC0759,REQ1548
TC0759,REQ1557
TC0759,REQ1565
TC0759,REQ1567
TC0759,REQ1560
TC0759,REQ1547
TC0759,REQ1566
TC0759,REQ1558
TC0760,REQ1261
TC0760,REQ1260
TC0760,REQ1262
TC0761,REQ1265
TC0761,REQ1266
TC0761,REQ1263
TC0761,REQ1480
TC0761,REQ1264
TC0762,REQ1412
TC0762,REQ1411
TC0764,REQ1424
TC0765,REQ1541
TC0766,REQ1273
TC0766,REQ1275
TC0766,REQ1276
TC0766,REQ1278
TC0766,REQ1481
TC0766,REQ1274
TC0766,REQ1267
TC0766,REQ1271
TC0766,REQ1277
TC0766,REQ1269
TC0766,REQ1272
TC0766,REQ1483
TC0766,REQ1484
TC0766,REQ1270
TC0766,REQ1482
TC0766,REQ1268
TC0767,REQ1318
TC0767,REQ1494
TC0767,REQ1495
TC0767,REQ1319
TC0767,REQ1320
TC0768,REQ1283
TC0768,REQ1284
TC0768,REQ1303
TC0768,REQ1287
TC0768,REQ1286
TC0768,REQ1285
TC0768,REQ1304
TC0768,REQ1302
TC0769,REQ1293
TC0769,REQ1290
TC0769,REQ1291
TC0769,REQ1289
TC0769,REQ1288
TC0769,REQ1292
TC0770,REQ1299
TC0770,REQ1298
TC0770,REQ1296
TC0770,REQ1297
TC0770,REQ1295
TC0770,REQ1294
TC0771,REQ1369
TC0771,REQ1370
TC0771,REQ1487
TC0771,REQ1531
TC0771,REQ1486
TC0771,REQ1301
TC0771,REQ1532
TC0772,REQ1488
TC0772,REQ1300
TC0772,REQ1310
TC0772,REQ1492
TC0772,REQ1490
TC0772,REQ1305
TC0772,REQ1309
TC0772,REQ1313
TC0772,REQ1306
TC0772,REQ1314
TC0773,REQ1491
TC0773,REQ1300
TC0773,REQ1493
TC0773,REQ1489
TC0773,REQ1312
TC0773,REQ1307
TC0773,REQ1311
TC0773,REQ1315
TC0773,REQ1308
TC0773,REQ1316
TC0774,REQ1317
TC0774,REQ1300
TC0775,REQ1554
TC0775,REQ1556
TC0775,REQ1555
TC0776,REQ1280
TC0776,REQ1329
TC0776,REQ1539
TC0776,REQ1327
TC0776,REQ1497
TC0776,REQ1328
TC0776,REQ1419
TC0776,REQ1330
TC0777,REQ1281
TC0777,REQ1282
TC0778,REQ1419
TC0778,REQ1279
TC0778,REQ1485
TC0778,REQ1280
TC0779,REQ1280
TC0779,REQ1321
TC0779,REQ1323
TC0779,REQ1322
TC0779,REQ1419
TC0780,REQ1326
TC0780,REQ1325
TC0780,REQ1324
TC0780,REQ1496
TC0781,REQ1498
TC0781,REQ1331
TC0782,REQ1499
TC0782,REQ1332
TC0783,REQ1500
TC0783,REQ1333
TC0784,REQ1334
TC0784,REQ1501
TC0785,REQ1279
TC0785,REQ1485
TC0786,REQ1346
TC0786,REQ1340
TC0786,REQ1338
TC0786,REQ1343
TC0786,REQ1341
TC0786,REQ1339
TC0786,REQ1344
TC0786,REQ1345
TC0786,REQ1336
TC0786,REQ1337
TC0786,REQ1335
TC0786,REQ1342
TC0787,REQ1359
TC0787,REQ1353
TC0787,REQ1508
TC0787,REQ1349
TC0787,REQ1361
TC0787,REQ1502
TC0787,REQ1511
TC0787,REQ1357
TC0787,REQ1505
TC0787,REQ1347
TC0787,REQ1351
TC0787,REQ1355
TC0788,REQ1346
TC0788,REQ1352
TC0788,REQ1340
TC0788,REQ1343
TC0788,REQ1350
TC0788,REQ1362
TC0788,REQ1506
TC0788,REQ1507
TC0788,REQ1510
TC0788,REQ1504
TC0788,REQ1356
TC0788,REQ1509
TC0788,REQ1512
TC0788,REQ1503
TC0788,REQ1360
TC0788,REQ1354
TC0788,REQ1337
TC0788,REQ1358
TC0788,REQ1513
TC0788,REQ1348
TC0789,REQ1242
TC0789,REQ0478
TC0789,REQ1243
TC0789,REQ1528
TC0790,REQ1521
TC0790,REQ1522
TC0791,REQ1521
TC0791,REQ1522
TC0792,REQ1521
TC0792,REQ1522
TC0794,REQ1527
TC0794,REQ1523
TC0794,REQ1524
TC0795,REQ1527
TC0795,REQ1523
TC0795,REQ1524
TC0796,REQ1527
TC0796,REQ1523
TC0796,REQ1524
TC0797,REQ1527
TC0797,REQ1523
TC0797,REQ0478
TC0797,REQ1524
TC0798,REQ1525
TC0798,REQ1526
TC0799,REQ1525
TC0799,REQ1526
TC0800,REQ1525
TC0800,REQ1526
TC0801,REQ1525
TC0801,REQ0478
TC0801,REQ1526
TC0802,REQ1446
TC0802,REQ1538
TC0802,REQ1445
TC0803,REQ1444
TC0803,REQ1448
TC0803,REQ1451
TC0805,REQ1448
TC0805,REQ1446
TC0805,REQ1445
TC0806,REQ1447
TC0807,REQ1538
TC0809,REQ1450
TC0809,REQ1514
TC0809,REQ1449
TC0810,REQ1540
TC0811,REQ1515
TC0811,REQ1452
TC0812,REQ1516
TC0812,REQ1453
TC0813,REQ1454
TC0813,REQ1517
TC0814,REQ1518
TC0814,REQ1455
TC0815,REQ1456
TC0815,REQ1519
TC0816,REQ1549
TC0816,REQ1550
TC0817,REQ1553
TC0818,REQ0204
TC0818,REQ0205
TC0818,REQ0143
TC0818,REQ0145
TC0818,REQ0152
TC0819,REQ0209
TC0819,REQ0143
TC0819,REQ0206
TC0819,REQ0207
TC0819,REQ0208
TC0819,REQ0145
TC0820,REQ0143
TC0820,REQ0155
TC0820,REQ0153
TC0820,REQ0154
TC0820,REQ0195
TC0820,REQ0145
TC0821,REQ0196
TC0821,REQ0156
TC0822,REQ0157
TC0823,REQ0158
TC0824,REQ0160
TC0824,REQ0197
TC0825,REQ0144
TC0827,REQ0166
TC0827,REQ0168
TC0827,REQ0164
TC0827,REQ0169
TC0827,REQ0163
TC0827,REQ0162
TC0827,REQ0165
TC0828,REQ0170
TC0828,REQ0175
TC0830,REQ0170
TC0830,REQ0175
TC0833,REQ0170
TC0833,REQ0175
TC0834,REQ0170
TC0834,REQ0175
TC0836,REQ0170
TC0836,REQ0175
TC0838,REQ0170
TC0838,REQ0169
TC0839,REQ0176
TC0840,REQ0176
TC0841,REQ0177
TC0842,REQ0178
TC0843,REQ0179
TC0843,REQ0198
TC0844,REQ0210
TC0844,REQ0211
TC0846,REQ0199
TC0846,REQ0183
TC0847,REQ0201
TC0847,REQ0185
TC0847,REQ0200
TC0847,REQ0184
TC0847,REQ0186
TC0848,REQ0180
TC0848,REQ0181
TC0849,REQ0159
TC0849,REQ0171
TC0850,REQ0182
TC0853,REQ0187
TC0853,REQ0188
TC0853,REQ0202
TC0854,REQ0189
TC0854,REQ0203
TC0855,REQ0190
TC0855,REQ0161
TC0856,REQ0194
TC0856,REQ0193
TC0857,REQ0191
TC0858,REQ0192
TC0860,REQ1977
TC0860,REQ1978
TC0861,REQ1937
TC0862,REQ1951
TC0862,REQ1952
TC0864,REQ1938
TC0864,REQ1953
TC0865,REQ1955
TC0865,REQ1954
TC0867,REQ1956
TC0867,REQ1957
TC0868,REQ1958
TC0868,REQ1939
TC0869,REQ1960
TC0869,REQ1959
TC0871,REQ1961
TC0871,REQ1940
TC0872,REQ1940
TC0872,REQ1962
TC0873,REQ1940
TC0874,REQ1940
TC0876,REQ1967
TC0876,REQ1974
TC0876,REQ1970
TC0876,REQ1975
TC0876,REQ1973
TC0876,REQ1976
TC0876,REQ1968
TC0876,REQ1969
TC0877,REQ1942
TC0877,REQ1941
TC0878,REQ1942
TC0878,REQ1941
TC0879,REQ1943
TC0880,REQ1963
TC0880,REQ1944
TC0881,REQ1945
TC0881,REQ1966
TC0882,REQ1946
TC0882,REQ1949
TC0882,REQ1950
TC0883,REQ1965
TC0883,REQ1948
TC0883,REQ1964
TC0883,REQ1947
TC0884,REQ1971
TC0884,REQ1972
TC0885,REQ1979
TC0885,REQ1980
TC0886,REQ2761
TC0886,REQ2760
TC0887,REQ2768
TC0887,REQ2769
TC0887,REQ2767
TC0888,REQ2766
TC0889,REQ2774
TC0890,REQ2771
TC0891,REQ2772
TC0891,REQ2763
TC0891,REQ2764
TC0892,REQ2762
TC0892,REQ2764
TC0893,REQ2776
TC0893,REQ2777
TC0894,REQ2765
TC0894,REQ2773
TC0894,REQ2770
TC0896,REQ2788
TC0896,REQ2778
TC0896,REQ2780
TC0896,REQ2781
TC0896,REQ2779
TC0898,REQ2786
TC0898,REQ2782
TC0898,REQ2775
TC0899,REQ2787
TC0899,REQ2783
TC0899,REQ2784
TC0900,REQ2785
TC0900,REQ2801
TC0901,REQ2789
TC0901,REQ2791
TC0901,REQ2792
TC0901,REQ2790
TC0902,REQ2794
TC0902,REQ2793
TC0903,REQ2802
TC0904,REQ2796
TC0904,REQ2795
TC0905,REQ2806
TC0905,REQ2805
TC0906,REQ2798
TC0906,REQ2797
TC0907,REQ2799
TC0907,REQ2800
TC0908,REQ2804
TC0908,REQ2803
TC0909,REQ2807
TC0909,REQ2808
TC0909,REQ1034
TC0909,REQ1036
TC0910,REQ2809
TC0911,REQ0000
TC0912,REQ0030
TC0913,REQ0002
TC0914,REQ0003
TC0915,REQ0004
TC0916,REQ0005
TC0916,REQ0007
TC0917,REQ0012
TC0918,REQ0013
TC0919,REQ0027
TC0920,REQ0026
TC0921,REQ0029
TC0922,REQ0014
TC0923,REQ0016
TC0923,REQ0018
TC0923,REQ0017
TC0924,REQ0019
TC0924,REQ0031
TC0925,REQ0023
TC0926,REQ0033
TC0926,REQ0022
TC0927,REQ0037
TC0927,REQ0036
TC0928,REQ1571
TC0928,REQ1572
TC0928,REQ0699
TC0929,REQ0699
TC0930,REQ1573
TC0930,REQ1570
TC0930,REQ1569
TC0930,REQ1691
TC0930,REQ1591
TC0930,REQ1711
TC0931,REQ1576
TC0931,REQ1575
TC0931,REQ1574
TC0932,REQ1578
TC0932,REQ1577
TC0934,REQ1579
TC0934,REQ1582
TC0934,REQ1584
TC0934,REQ1581
TC0934,REQ1583
TC0934,REQ1580
TC0935,REQ1586
TC0935,REQ1688
TC0935,REQ1689
TC0935,REQ1585
TC0937,REQ1687
TC0937,REQ1588
TC0937,REQ1590
TC0937,REQ1589
TC0937,REQ1686
TC0937,REQ1587
TC0938,REQ1703
TC0940,REQ1710
TC0940,REQ1707
TC0940,REQ1709
TC0940,REQ0734
TC0940,REQ1708
TC0941,REQ1594
TC0941,REQ1597
TC0941,REQ1595
TC0941,REQ1593
TC0941,REQ1598
TC0941,REQ1596
TC0941,REQ1592
TC0942,REQ1604
TC0942,REQ1605
TC0942,REQ1602
TC0942,REQ1603
TC0943,REQ1600
TC0944,REQ1680
TC0944,REQ0781
TC0945,REQ1601
TC0945,REQ1599
TC0946,REQ1704
TC0947,REQ1389
TC0947,REQ1470
TC0947,REQ1611
TC0947,REQ1612
TC0947,REQ1685
TC0948,REQ1388
TC0948,REQ0734
TC0948,REQ1468
TC0948,REQ0700
TC0949,REQ1697
TC0949,REQ1696
TC0949,REQ1698
TC0950,REQ1610
TC0950,REQ1608
TC0950,REQ1609
TC0951,REQ1606
TC0951,REQ1545
TC0951,REQ1546
TC0951,REQ1607
TC0951,REQ1693
TC0951,REQ1692
TC0952,REQ1626
TC0952,REQ1629
TC0952,REQ1614
TC0952,REQ1615
TC0952,REQ1613
TC0952,REQ1617
TC0953,REQ1631
TC0953,REQ1627
TC0953,REQ1642
TC0953,REQ1620
TC0953,REQ1618
TC0953,REQ1638
TC0953,REQ1621
TC0953,REQ1636
TC0953,REQ1637
TC0953,REQ1619
TC0954,REQ1642
TC0954,REQ1631
TC0954,REQ1629
TC0955,REQ1616
TC0956,REQ1622
TC0958,REQ1624
TC0958,REQ1529
TC0958,REQ1681
TC0958,REQ1649
TC0958,REQ1530
TC0959,REQ1650
TC0960,REQ1645
TC0961,REQ1646
TC0963,REQ1647
TC0964,REQ1690
TC0964,REQ1648
TC0964,REQ1694
TC0964,REQ1543
TC0964,REQ1544
TC0965,REQ1706
TC0966,REQ1637
TC0966,REQ1628
TC0968,REQ1643
TC0968,REQ1644
TC0969,REQ1683
TC0970,REQ1712
TC0970,REQ1625
TC0970,REQ1621
TC0971,REQ1634
TC0971,REQ1633
TC0971,REQ1639
TC0971,REQ1635
TC0971,REQ1632
TC0972,REQ0769
TC0972,REQ1639
TC0972,REQ1635
TC0972,REQ1640
TC0972,REQ1641
TC0976,REQ1651
TC0977,REQ1651
TC0980,REQ1654
TC0980,REQ1653
TC0980,REQ1623
TC0980,REQ1684
TC0981,REQ1655
TC0981,REQ1682
TC0982,REQ1670
TC0982,REQ1671
TC0983,REQ1673
TC0983,REQ1672
TC0983,REQ1674
TC0984,REQ1675
TC0984,REQ1695
TC0984,REQ1679
TC0985,REQ1695
TC0985,REQ1679
TC0985,REQ1676
TC0986,REQ1695
TC0986,REQ1677
TC0986,REQ1679
TC0987,REQ1695
TC0987,REQ1679
TC0987,REQ1678
TC0988,REQ1675
TC0988,REQ1670
TC0988,REQ1677
TC0988,REQ1674
TC0988,REQ1671
TC0988,REQ1676
TC0988,REQ1678
TC0988,REQ1695
TC0988,REQ1679
TC0988,REQ1673
TC0988,REQ1672
TC0989,REQ1702
TC0989,REQ1700
TC0989,REQ1701
TC0990,REQ1705
TC0991,REQ1630
TC0991,REQ1662
TC0992,REQ1662
TC0992,REQ1656
TC0993,REQ1699
TC0993,REQ1662
TC0994,REQ1665
TC0994,REQ1652
TC0994,REQ1666
TC0994,REQ1669
TC0995,REQ1664
TC0995,REQ1666
TC0996,REQ1664
TC0996,REQ1667
TC0997,REQ1668
TC0997,REQ1664
TC0998,REQ1669
TC0999,REQ3179
TC1000,REQ3186
TC1000,REQ3185
TC1000,REQ3180
TC1000,REQ3181
TC1001,REQ3187
TC1001,REQ3200
TC1002,REQ3182
TC1003,REQ3183
TC1004,REQ3184
TC1005,REQ3199
TC1006,REQ3196
TC1006,REQ2044
TC1007,REQ2042
TC1007,REQ3196
TC1008,REQ3194
TC1008,REQ3191
TC1008,REQ3190
TC1009,REQ3189
TC1009,REQ3188
TC1010,REQ3193
TC1011,REQ3196
TC1011,REQ3195
TC1011,REQ3192
TC1012,REQ3198
TC1012,REQ3197
TC1013,REQ0996
TC1014,REQ0997
TC1015,REQ0998
TC1016,REQ0999
TC1017,REQ1000
TC1018,REQ1001
TC1019,REQ1002
TC1020,REQ1003
TC1021,REQ1030
TC1022,REQ1031
TC1023,REQ1004
TC1024,REQ1005
TC1025,REQ1008
TC1025,REQ1021
TC1025,REQ1013
TC1025,REQ1007
TC1025,REQ1020
TC1025,REQ1015
TC1025,REQ1022
TC1025,REQ1016
TC1025,REQ1009
TC1025,REQ1019
TC1025,REQ1014
TC1025,REQ1018
TC1025,REQ1010
TC1025,REQ1006
TC1025,REQ1012
TC1025,REQ1017
TC1025,REQ1011
TC1026,REQ1023
TC1027,REQ1024
TC1028,REQ1025
TC1029,REQ1027
TC1029,REQ1026
TC1030,REQ1029
TC1031,REQ1028
TC1032,REQ1875
TC1032,REQ0224
TC1032,REQ1873
TC1032,REQ1878
TC1033,REQ1873
TC1033,REQ1871
TC1033,REQ1870
TC1033,REQ1872
TC1033,REQ1875
TC1033,REQ1878
TC1034,REQ1878
TC1037,REQ1876
TC1037,REQ1901
TC1037,REQ1867
TC1037,REQ1878
TC1039,REQ0224
TC1039,REQ1873
TC1039,REQ1867
TC1039,REQ1901
TC1039,REQ1870
TC1039,REQ1876
TC1039,REQ1875
TC1042,REQ1893
TC1042,REQ1897
TC1042,REQ1898
TC1042,REQ1895
TC1042,REQ1877
TC1042,REQ1896
TC1042,REQ1894
TC1042,REQ1868
TC1044,REQ1892
TC1044,REQ1891
TC1045,REQ1899
TC1045,REQ1900
TC1046,REQ1890
TC1047,REQ1876
TC1047,REQ1901
TC1047,REQ1867
TC1048,REQ1880
TC1048,REQ1879
TC1048,REQ1874
TC1048,REQ1866
TC1048,REQ1883
TC1048,REQ1889
TC1048,REQ1881
TC1048,REQ1882
TC1050,REQ1884
TC1050,REQ1869
TC1051,REQ1886
TC1051,REQ1887
TC1051,REQ1888
TC1051,REQ1885
TC1052,REQ2151
TC1052,REQ2155
TC1052,REQ2153
TC1052,REQ2154
TC1052,REQ2152
TC1053,REQ2151
TC1053,REQ2155
TC1053,REQ2153
TC1053,REQ2154
TC1053,REQ2152
TC1054,REQ2156
TC1054,REQ2421
TC1054,REQ2157
TC1055,REQ2156
TC1055,REQ2421
TC1055,REQ2157
TC1056,REQ2488
TC1056,REQ2487
TC1057,REQ2159
TC1057,REQ2158
TC1057,REQ2317
TC1057,REQ2482
TC1058,REQ2317
TC1058,REQ2160
TC1058,REQ2482
TC1059,REQ2162
TC1059,REQ2427
TC1059,REQ2164
TC1059,REQ2318
TC1059,REQ2163
TC1059,REQ2161
TC1061,REQ2173
TC1061,REQ2327
TC1061,REQ2171
TC1061,REQ2165
TC1061,REQ2328
TC1062,REQ2177
TC1062,REQ2325
TC1063,REQ2552
TC1063,REQ2553
TC1063,REQ2326
TC1065,REQ2165
TC1065,REQ2190
TC1066,REQ2322
TC1067,REQ2445
TC1067,REQ2268
TC1067,REQ2362
TC1068,REQ2388
TC1068,REQ2341
TC1068,REQ2387
TC1068,REQ2324
TC1068,REQ2312
TC1068,REQ2323
TC1068,REQ2340
TC1069,REQ2328
TC1070,REQ2570
TC1070,REQ2569
TC1071,REQ2520
TC1071,REQ2519
TC1073,REQ2169
TC1073,REQ2411
TC1073,REQ2430
TC1073,REQ2409
TC1073,REQ2433
TC1074,REQ2169
TC1074,REQ2430
TC1078,REQ2469
TC1079,REQ2470
TC1080,REQ2175
TC1080,REQ2178
TC1080,REQ2176
TC1082,REQ2175
TC1082,REQ2166
TC1082,REQ2401
TC1083,REQ2355
TC1083,REQ2356
TC1083,REQ2424
TC1083,REQ2311
TC1084,REQ2567
TC1085,REQ2479
TC1085,REQ2331
TC1085,REQ2526
TC1086,REQ2200
TC1086,REQ2198
TC1086,REQ2195
TC1086,REQ2199
TC1086,REQ2194
TC1086,REQ2197
TC1088,REQ2166
TC1088,REQ2312
TC1088,REQ2401
TC1088,REQ2195
TC1090,REQ2181
TC1090,REQ2183
TC1090,REQ2320
TC1091,REQ2319
TC1091,REQ2184
TC1091,REQ2434
TC1091,REQ2179
TC1091,REQ2182
TC1093,REQ2330
TC1093,REQ2184
TC1093,REQ2182
TC1093,REQ2437
TC1095,REQ2494
TC1095,REQ2436
TC1095,REQ2269
TC1097,REQ2440
TC1097,REQ2495
TC1097,REQ2201
TC1098,REQ2441
TC1098,REQ2270
TC1098,REQ2414
TC1100,REQ2355
TC1100,REQ2356
TC1101,REQ2356
TC1102,REQ2342
TC1102,REQ2443
TC1103,REQ2332
TC1103,REQ2391
TC1103,REQ2390
TC1103,REQ2438
TC1104,REQ2187
TC1104,REQ2185
TC1105,REQ2423
TC1106,REQ2186
TC1106,REQ2187
TC1107,REQ2188
TC1108,REQ2439
TC1109,REQ2180
TC1109,REQ2435
TC1110,REQ2446
TC1110,REQ2210
TC1110,REQ2211
TC1110,REQ2205
TC1110,REQ2203
TC1110,REQ2207
TC1110,REQ2343
TC1110,REQ2314
TC1110,REQ2336
TC1110,REQ2334
TC1110,REQ2333
TC1111,REQ2334
TC1111,REQ2333
TC1111,REQ2207
TC1113,REQ2315
TC1114,REQ2313
TC1114,REQ2446
TC1114,REQ2205
TC1114,REQ2207
TC1114,REQ2315
TC1114,REQ2343
TC1114,REQ2204
TC1114,REQ2209
TC1114,REQ2335
TC1114,REQ2336
TC1115,REQ2206
TC1115,REQ2212
TC1116,REQ2219
TC1116,REQ2220
TC1117,REQ0213
TC1118,REQ2521
TC1120,REQ2316
TC1121,REQ2329
TC1122,REQ2337
TC1122,REQ2393
TC1123,REQ2215
TC1123,REQ2213
TC1123,REQ2221
TC1123,REQ2214
TC1124,REQ2516
TC1124,REQ2254
TC1124,REQ2217
TC1125,REQ2256
TC1125,REQ2385
TC1125,REQ2255
TC1125,REQ2218
TC1126,REQ2289
TC1127,REQ2418
TC1127,REQ2419
TC1128,REQ2509
TC1129,REQ2226
TC1129,REQ2216
TC1131,REQ2381
TC1134,REQ2368
TC1134,REQ2222
TC1134,REQ2344
TC1134,REQ2451
TC1134,REQ2345
TC1134,REQ2223
TC1135,REQ2511
TC1135,REQ2510
TC1136,REQ2506
TC1136,REQ2507
TC1136,REQ2236
TC1136,REQ2508
TC1137,REQ2449
TC1137,REQ2347
TC1137,REQ2346
TC1138,REQ2347
TC1139,REQ2539
TC1140,REQ2425
TC1143,REQ2480
TC1144,REQ2481
TC1145,REQ2216
TC1145,REQ2224
TC1145,REQ2447
TC1145,REQ2225
TC1146,REQ2452
TC1146,REQ2229
TC1147,REQ2226
TC1147,REQ2450
TC1147,REQ2227
TC1148,REQ2233
TC1149,REQ2556
TC1149,REQ2558
TC1149,REQ2559
TC1149,REQ2557
TC1150,REQ2560
TC1150,REQ2561
TC1151,REQ2291
TC1152,REQ2290
TC1152,REQ2448
TC1154,REQ2228
TC1155,REQ2230
TC1155,REQ2453
TC1156,REQ2230
TC1156,REQ2453
TC1157,REQ2484
TC1157,REQ2483
TC1158,REQ2392
TC1160,REQ2321
TC1161,REQ2235
TC1161,REQ2234
TC1161,REQ2231
TC1161,REQ2236
TC1162,REQ2232
TC1162,REQ2234
TC1162,REQ2236
TC1162,REQ2568
TC1162,REQ2566
TC1162,REQ2235
TC1163,REQ2235
TC1163,REQ2234
TC1163,REQ2233
TC1163,REQ2236
TC1164,REQ2357
TC1165,REQ2358
TC1166,REQ2472
TC1166,REQ2471
TC1167,REQ2235
TC1167,REQ2566
TC1168,REQ2505
TC1169,REQ2405
TC1169,REQ2382
TC1169,REQ2566
TC1170,REQ2236
TC1170,REQ2508
TC1171,REQ2518
TC1171,REQ2517
TC1172,REQ2562
TC1172,REQ2563
TC1173,REQ2565
TC1173,REQ2564
TC1174,REQ2468
TC1174,REQ2426
TC1176,REQ2456
TC1176,REQ2238
TC1180,REQ2456
TC1180,REQ2271
TC1180,REQ2238
TC1180,REQ2458
TC1180,REQ2339
TC1180,REQ2242
TC1180,REQ2272
TC1180,REQ2240
TC1180,REQ2239
TC1180,REQ2241
TC1180,REQ2237
TC1180,REQ2457
TC1181,REQ2386
TC1181,REQ2383
TC1181,REQ2389
TC1181,REQ2459
TC1181,REQ2460
TC1182,REQ2412
TC1182,REQ2386
TC1182,REQ2389
TC1182,REQ2459
TC1182,REQ2460
TC1183,REQ2245
TC1183,REQ2292
TC1183,REQ2243
TC1183,REQ2244
TC1185,REQ2249
TC1185,REQ2246
TC1189,REQ2251
TC1191,REQ2247
TC1193,REQ2250
TC1196,REQ2248
TC1196,REQ2292
TC1196,REQ2243
TC1198,REQ2514
TC1200,REQ2515
TC1202,REQ2475
TC1203,REQ2257
TC1203,REQ2258
TC1204,REQ2257
TC1204,REQ2259
TC1204,REQ2258
TC1205,REQ2257
TC1205,REQ2259
TC1205,REQ2258
TC1206,REQ2257
TC1206,REQ2259
TC1206,REQ2258
TC1207,REQ2363
TC1207,REQ2283
TC1207,REQ2274
TC1207,REQ2275
TC1208,REQ2283
TC1208,REQ2274
TC1208,REQ2275
TC1209,REQ2497
TC1209,REQ2501
TC1209,REQ2367
TC1209,REQ2498
TC1209,REQ2364
TC1209,REQ2365
TC1209,REQ2499
TC1210,REQ2363
TC1210,REQ2277
TC1210,REQ2273
TC1210,REQ2275
TC1211,REQ2283
TC1211,REQ2277
TC1211,REQ2273
TC1211,REQ2275
TC1212,REQ2367
TC1212,REQ2277
TC1212,REQ2496
TC1212,REQ2364
TC1212,REQ2498
TC1212,REQ2365
TC1212,REQ2500
TC1212,REQ2499
TC1213,REQ2280
TC1213,REQ2286
TC1214,REQ2366
TC1215,REQ2477
TC1215,REQ2527
TC1215,REQ2364
TC1215,REQ2476
TC1216,REQ2527
TC1216,REQ2338
TC1216,REQ2364
TC1222,REQ2299
TC1222,REQ2301
TC1222,REQ2300
TC1222,REQ2296
TC1222,REQ2297
TC1222,REQ2298
TC1223,REQ2305
TC1223,REQ2303
TC1223,REQ2302
TC1223,REQ2304
TC1224,REQ2523
TC1224,REQ2522
TC1226,REQ2359
TC1227,REQ2360
TC1228,REQ2361
TC1229,REQ2416
TC1229,REQ2369
TC1229,REQ2373
TC1229,REQ2378
TC1229,REQ2377
TC1229,REQ2371
TC1230,REQ2378
TC1231,REQ2374
TC1232,REQ2377
TC1232,REQ2379
TC1232,REQ2372
TC1232,REQ2370
TC1233,REQ2379
TC1234,REQ2375
TC1235,REQ2380
TC1235,REQ2376
TC1236,REQ2548
TC1236,REQ2549
TC1237,REQ2551
TC1237,REQ2550
TC1238,REQ2348
TC1238,REQ0634
TC1238,REQ2349
TC1239,REQ2464
TC1239,REQ2351
TC1239,REQ2465
TC1239,REQ2350
TC1241,REQ2353
TC1241,REQ2352
TC1242,REQ2354
TC1243,REQ2524
TC1243,REQ2525
TC1244,REQ2466
TC1244,REQ2267
TC1245,REQ2260
TC1246,REQ2306
TC1247,REQ2417
TC1247,REQ2467
TC1247,REQ2420
TC1247,REQ2307
TC1250,REQ2261
TC1250,REQ2308
TC1251,REQ2400
TC1251,REQ2394
TC1251,REQ2399
TC1252,REQ2397
TC1252,REQ2310
TC1252,REQ2398
TC1252,REQ2309
TC1252,REQ2395
TC1252,REQ2396
TC1253,REQ2502
TC1254,REQ2540
TC1254,REQ2541
TC1255,REQ2542
TC1255,REQ2543
TC1256,REQ2544
TC1256,REQ2545
TC1257,REQ2547
TC1257,REQ2546
TC1259,REQ2503
TC1259,REQ2504
TC1260,REQ2264
TC1260,REQ2262
TC1260,REQ2403
TC1260,REQ2473
TC1260,REQ2263
TC1260,REQ2265
TC1261,REQ2262
TC1261,REQ2404
TC1261,REQ2474
TC1261,REQ2402
TC1261,REQ2266
TC1261,REQ2263
TC1262,REQ2534
TC1263,REQ2529
TC1263,REQ2528
TC1264,REQ2530
TC1264,REQ2531
TC1265,REQ2533
TC1265,REQ2532
TC1266,REQ1981
TC1267,REQ1995
TC1267,REQ1998
TC1267,REQ1997
TC1267,REQ1996
TC1268,REQ1982
TC1269,REQ1984
TC1270,REQ1992
TC1270,REQ1983
TC1270,REQ1993
TC1271,REQ1985
TC1272,REQ1985
TC1273,REQ1990
TC1274,REQ1987
TC1274,REQ1988
TC1275,REQ1986
TC1275,REQ1989
TC1276,REQ1991
TC1276,REQ1994
TC1277,REQ1990
TC1279,REQ1999
TC1280,REQ0453
TC1281,REQ0457
TC1281,REQ0456
TC1282,REQ2139
TC1282,REQ2134
TC1283,REQ2135
TC1284,REQ2140
TC1284,REQ2133
TC1285,REQ2136
TC1286,REQ2137
TC1288,REQ2138
TC1290,REQ2142
TC1291,REQ2141
TC1292,REQ2143
TC1293,REQ2144
TC1294,REQ2146
TC1294,REQ2145
TC1294,REQ2148
TC1294,REQ2147
TC1295,REQ2150
TC1295,REQ2149
TC1298,REQ0445
TC1298,REQ0449
TC1298,REQ0448
TC1300,REQ0446
TC1300,REQ0443
TC1302,REQ0443
TC1302,REQ0447
TC1303,REQ0444
TC1305,REQ0452
TC1305,REQ0451
TC1306,REQ0450
TC1307,REQ0744
TC1307,REQ0767
TC1307,REQ0740
TC1307,REQ0723
TC1307,REQ0735
TC1307,REQ0728
TC1307,REQ0697
TC1308,REQ0750
TC1308,REQ0767
TC1308,REQ0735
TC1308,REQ0747
TC1308,REQ0722
TC1308,REQ0696
TC1309,REQ0747
TC1310,REQ0744
TC1310,REQ0697
TC1311,REQ0744
TC1311,REQ0697
TC1312,REQ0747
TC1313,REQ0703
TC1314,REQ0764
TC1315,REQ0704
TC1316,REQ0736
TC1316,REQ0714
TC1316,REQ0711
TC1316,REQ0715
TC1316,REQ0726
TC1316,REQ0738
TC1316,REQ0713
TC1316,REQ0712
TC1316,REQ0705
TC1317,REQ0726
TC1317,REQ0716
TC1317,REQ0738
TC1317,REQ0717
TC1317,REQ0705
TC1318,REQ0738
TC1318,REQ0718
TC1318,REQ0726
TC1318,REQ0719
TC1319,REQ0738
TC1319,REQ0726
TC1319,REQ0720
TC1319,REQ0721
TC1320,REQ0709
TC1320,REQ0706
TC1321,REQ0707
TC1321,REQ0710
TC1322,REQ0723
TC1324,REQ0722
TC1326,REQ0722
TC1326,REQ0724
TC1326,REQ0723
TC1328,REQ0722
TC1328,REQ0724
TC1328,REQ0723
TC1329,REQ0724
TC1329,REQ0723
TC1329,REQ0697
TC1330,REQ0724
TC1330,REQ0723
TC1330,REQ0697
TC1331,REQ0722
TC1331,REQ0724
TC1331,REQ0747
TC1332,REQ0729
TC1332,REQ0730
TC1332,REQ0766
TC1333,REQ0739
TC1333,REQ0727
TC1334,REQ0767
TC1334,REQ0765
TC1335,REQ0740
TC1335,REQ0767
TC1335,REQ0728
TC1336,REQ0737
TC1337,REQ0745
TC1338,REQ0761
TC1338,REQ0751
TC1338,REQ0758
TC1338,REQ0755
TC1338,REQ0753
TC1338,REQ0759
TC1338,REQ0760
TC1339,REQ0751
TC1340,REQ0743
TC1340,REQ0731
TC1341,REQ0741
TC1341,REQ0731
TC1341,REQ0743
TC1342,REQ0732
TC1343,REQ0735
TC1344,REQ0757
TC1345,REQ0733
TC1345,REQ0742
TC1346,REQ0733
TC1346,REQ0742
TC1347,REQ0759
TC1347,REQ0753
TC1347,REQ0752
TC1348,REQ0759
TC1348,REQ0753
TC1348,REQ0752
TC1349,REQ0762
TC1350,REQ0756
TC1350,REQ0755
TC1350,REQ0754
TC1351,REQ0761
TC1351,REQ0756
TC1351,REQ0755
TC1351,REQ0754
TC1352,REQ0763
TC1354,REQ0746
TC1355,REQ0476
TC1356,REQ0620
TC1357,REQ0494
TC1358,REQ0609
TC1358,REQ0610
TC1359,REQ0557
TC1359,REQ0551
TC1359,REQ0479
TC1359,REQ0480
TC1360,REQ0480
TC1361,REQ0551
TC1362,REQ0481
TC1362,REQ0558
TC1363,REQ0559
TC1363,REQ0482
TC1364,REQ0485
TC1364,REQ0483
TC1364,REQ0510
TC1364,REQ0560
TC1364,REQ0562
TC1364,REQ0564
TC1364,REQ0563
TC1364,REQ0561
TC1364,REQ0484
TC1364,REQ0486
TC1365,REQ0566
TC1365,REQ0568
TC1365,REQ0491
TC1365,REQ0490
TC1365,REQ0565
TC1365,REQ0487
TC1365,REQ0567
TC1365,REQ0511
TC1365,REQ0569
TC1365,REQ0489
TC1366,REQ0492
TC1366,REQ0570
TC1367,REQ0493
TC1367,REQ0571
TC1368,REQ0550
TC1369,REQ0474
TC1370,REQ0604
TC1370,REQ0603
TC1371,REQ0605
TC1371,REQ0606
TC1372,REQ0608
TC1372,REQ0607
TC1373,REQ0630
TC1373,REQ0631
TC1374,REQ0548
TC1374,REQ0575
TC1374,REQ0549
TC1374,REQ0547
TC1375,REQ0572
TC1375,REQ0544
TC1376,REQ0573
TC1376,REQ0545
TC1377,REQ0574
TC1377,REQ0546
TC1378,REQ0518
TC1378,REQ0517
TC1378,REQ0512
TC1379,REQ0582
TC1379,REQ0617
TC1379,REQ0524
TC1379,REQ0513
TC1379,REQ0581
TC1379,REQ0523
TC1380,REQ0513
TC1381,REQ0515
TC1381,REQ0594
TC1381,REQ0514
TC1382,REQ0515
TC1382,REQ0594
TC1382,REQ0514
TC1384,REQ0526
TC1385,REQ0576
TC1385,REQ0516
TC1386,REQ0578
TC1386,REQ0520
TC1386,REQ0577
TC1386,REQ0519
TC1387,REQ0521
TC1387,REQ0579
TC1388,REQ0612
TC1388,REQ0611
TC1389,REQ0613
TC1389,REQ0614
TC1390,REQ0580
TC1390,REQ0522
TC1391,REQ0525
TC1392,REQ0584
TC1392,REQ0531
TC1393,REQ0532
TC1393,REQ0585
TC1394,REQ0597
TC1394,REQ0602
TC1395,REQ0529
TC1395,REQ0527
TC1395,REQ0618
TC1395,REQ0530
TC1395,REQ0528
TC1396,REQ0529
TC1396,REQ0583
TC1396,REQ0533
TC1396,REQ0618
TC1396,REQ0530
TC1396,REQ0586
TC1397,REQ0534
TC1397,REQ0595
TC1398,REQ0599
TC1398,REQ0600
TC1399,REQ0535
TC1399,REQ0518
TC1399,REQ0587
TC1400,REQ0588
TC1400,REQ0495
TC1401,REQ0497
TC1401,REQ0496
TC1402,REQ0498
TC1402,REQ0499
TC1403,REQ0498
TC1403,REQ0496
TC1404,REQ0501
TC1404,REQ0500
TC1405,REQ0508
TC1405,REQ0509
TC1406,REQ0590
TC1406,REQ0504
TC1406,REQ0502
TC1407,REQ0503
TC1407,REQ0589
TC1408,REQ0591
TC1408,REQ0505
TC1412,REQ0592
TC1412,REQ0507
TC1412,REQ0506
TC1412,REQ0593
TC1413,REQ0552
TC1413,REQ0475
TC1414,REQ0601
TC1415,REQ0459
TC1415,REQ0458
TC1416,REQ0462
TC1416,REQ0465
TC1416,REQ0463
TC1416,REQ0466
TC1416,REQ0555
TC1416,REQ0464
TC1417,REQ0460
TC1418,REQ0461
TC1418,REQ0554
TC1419,REQ0468
TC1419,REQ0467
TC1419,REQ0556
TC1420,REQ0619
TC1421,REQ0470
TC1421,REQ0469
TC1421,REQ0471
TC1422,REQ0629
TC1423,REQ0552
TC1424,REQ0623
TC1425,REQ0173
TC1425,REQ0472
TC1426,REQ0473
TC1427,REQ0625
TC1427,REQ0624
TC1428,REQ0626
TC1429,REQ0627
TC1430,REQ0628
TC1431,REQ0538
TC1431,REQ0536
TC1431,REQ0537
TC1432,REQ0539
TC1432,REQ0553
TC1433,REQ0540
TC1434,REQ0596
TC1434,REQ0543
TC1434,REQ0542
TC1435,REQ0616
TC1435,REQ0615
TC1436,REQ2820
TC1436,REQ2826
TC1437,REQ2827
TC1437,REQ2821
TC1438,REQ2692
TC1438,REQ2822
TC1438,REQ2824
TC1439,REQ2823
TC1440,REQ0174
TC1440,REQ0006
TC1441,REQ2829
TC1441,REQ2832
TC1441,REQ2833
TC1441,REQ2831
TC1441,REQ2830
TC1442,REQ2825
TC1442,REQ2828
TC1443,REQ2835
TC1443,REQ2834
TC1444,REQ2835
TC1444,REQ2834
TC1446,REQ1221
TC1447,REQ2836
TC1448,REQ0212
TC1449,REQ0269
TC1449,REQ0268
TC1450,REQ0212
TC1451,REQ0214
TC1452,REQ0215
TC1453,REQ0216
TC1454,REQ0217
TC1455,REQ0218
TC1456,REQ0219
TC1456,REQ0248
TC1457,REQ0220
TC1457,REQ0249
TC1459,REQ0250
TC1459,REQ0221
TC1460,REQ0256
TC1460,REQ0222
TC1460,REQ0225
TC1461,REQ0273
TC1461,REQ0272
TC1462,REQ0273
TC1462,REQ0274
TC1463,REQ0256
TC1463,REQ0222
TC1463,REQ0225
TC1464,REQ0271
TC1464,REQ0270
TC1465,REQ0223
TC1465,REQ0226
TC1466,REQ0223
TC1466,REQ0222
TC1466,REQ0256
TC1469,REQ0227
TC1470,REQ0228
TC1471,REQ0229
TC1472,REQ0230
TC1472,REQ0251
TC1474,REQ0252
TC1474,REQ0231
TC1475,REQ0253
TC1475,REQ0236
TC1475,REQ0232
TC1475,REQ0235
TC1476,REQ0254
TC1476,REQ0233
TC1477,REQ0234
TC1477,REQ0255
TC1478,REQ0237
TC1479,REQ0238
TC1479,REQ0241
TC1479,REQ0240
TC1479,REQ0239
TC1480,REQ0242
TC1480,REQ0243
TC1481,REQ0276
TC1481,REQ0275
TC1482,REQ0244
TC1482,REQ0245
TC1483,REQ0247
TC1483,REQ0246
TC1484,REQ0257
TC1484,REQ0259
TC1484,REQ0258
TC1485,REQ0260
TC1485,REQ0261
TC1486,REQ0263
TC1486,REQ0262
TC1487,REQ0264
TC1487,REQ0265
TC1488,REQ0267
TC1488,REQ0266
TC1489,REQ0277
TC1489,REQ0278
TC1489,REQ0279
TC1489,REQ0283
TC1490,REQ0281
TC1490,REQ0280
TC1490,REQ0288
TC1490,REQ0282
TC1490,REQ0289
TC1491,REQ0288
TC1491,REQ0290
TC1492,REQ0286
TC1492,REQ0285
TC1492,REQ0287
TC1493,REQ0281
TC1493,REQ0282
TC1493,REQ0284
TC1494,REQ3163
TC1494,REQ3178
TC1494,REQ3173
TC1495,REQ3167
TC1495,REQ3166
TC1495,REQ3175
TC1495,REQ3164
TC1495,REQ3165
TC1495,REQ3174
TC1496,REQ3176
TC1496,REQ3170
TC1496,REQ3169
TC1496,REQ3171
TC1497,REQ3168
TC1497,REQ3172
TC1497,REQ3177
TC1498,REQ2837
TC1499,REQ2848
TC1499,REQ2843
TC1500,REQ2850
TC1501,REQ2840
TC1501,REQ2842
TC1501,REQ2841
TC1501,REQ2848
TC1502,REQ2849
TC1503,REQ0047
TC1503,REQ2844
TC1503,REQ2845
TC1503,REQ0062
TC1504,REQ0056
TC1505,REQ0049
TC1505,REQ2855
TC1505,REQ2853
TC1505,REQ2851
TC1506,REQ0049
TC1506,REQ2852
TC1506,REQ2855
TC1506,REQ2854
TC1508,REQ2858
TC1509,REQ2856
TC1510,REQ2838
TC1511,REQ2839
TC1512,REQ2839
TC1514,REQ2846
TC1514,REQ2847
TC1515,REQ2857
TC1517,REQ2931
TC1517,REQ2930
TC1518,REQ2915
TC1518,REQ2914
TC1519,REQ2975
TC1519,REQ2974
TC1519,REQ2976
TC1519,REQ2977
TC1520,REQ2933
TC1520,REQ2932
TC1521,REQ2935
TC1521,REQ2934
TC1522,REQ2936
TC1522,REQ2937
TC1523,REQ2939
TC1523,REQ2938
TC1524,REQ2941
TC1524,REQ2940
TC1525,REQ2943
TC1525,REQ2942
TC1526,REQ2945
TC1526,REQ2944
TC1527,REQ2946
TC1527,REQ2947
TC1528,REQ2948
TC1528,REQ2949
TC1529,REQ2951
TC1529,REQ2950
TC1530,REQ2953
TC1530,REQ2952
TC1531,REQ2955
TC1531,REQ2954
TC1532,REQ2957
TC1532,REQ2956
TC1533,REQ2958
TC1533,REQ2959
TC1534,REQ2916
TC1534,REQ2917
TC1535,REQ2961
TC1535,REQ2960
TC1536,REQ2962
TC1536,REQ2963
TC1537,REQ2964
TC1537,REQ2965
TC1538,REQ2967
TC1538,REQ2966
TC1539,REQ2969
TC1539,REQ2968
TC1540,REQ2970
TC1540,REQ2971
TC1541,REQ2972
TC1541,REQ2973
TC1542,REQ2913
TC1542,REQ2881
TC1544,REQ2880
TC1545,REQ2882
TC1545,REQ2918
TC1546,REQ2979
TC1546,REQ2978
TC1547,REQ2919
TC1547,REQ2883
TC1547,REQ2884
TC1547,REQ2885
TC1548,REQ2884
TC1549,REQ2886
TC1549,REQ2888
TC1549,REQ2887
TC1549,REQ2920
TC1550,REQ2890
TC1550,REQ2921
TC1550,REQ2922
TC1550,REQ2889
TC1551,REQ2891
TC1551,REQ2923
TC1551,REQ2892
TC1551,REQ2924
TC1552,REQ2893
TC1552,REQ2925
TC1553,REQ2895
TC1554,REQ2894
TC1554,REQ2926
TC1555,REQ2927
TC1555,REQ2896
TC1556,REQ2897
TC1556,REQ2928
TC1557,REQ2981
TC1557,REQ2980
TC1558,REQ2898
TC1559,REQ2900
TC1559,REQ2899
TC1559,REQ2903
TC1559,REQ2902
TC1559,REQ2901
TC1560,REQ2904
TC1560,REQ2929
TC1561,REQ2905
TC1561,REQ2907
TC1561,REQ2906
TC1562,REQ2908
TC1562,REQ2909
TC1566,REQ2859
TC1567,REQ2860
TC1567,REQ1179
TC1568,REQ2860
TC1569,REQ2860
TC1570,REQ2860
TC1571,REQ2860
TC1572,REQ2861
TC1573,REQ2863
TC1576,REQ2910
TC1576,REQ2862
TC1577,REQ2987
TC1577,REQ2864
TC1577,REQ2911
TC1578,REQ2865
TC1579,REQ2867
TC1579,REQ2869
TC1579,REQ2868
TC1579,REQ2866
TC1580,REQ2872
TC1580,REQ2874
TC1580,REQ2877
TC1580,REQ2879
TC1580,REQ2871
TC1580,REQ2873
TC1580,REQ2870
TC1581,REQ2878
TC1582,REQ2912
TC1582,REQ2875
TC1583,REQ2876
TC1584,REQ2098
TC1585,REQ2098
TC1586,REQ2098
TC1587,REQ2099
TC1588,REQ2100
TC1589,REQ2101
TC1589,REQ2102
TC1592,REQ1111
TC1592,REQ1079
TC1593,REQ1126
TC1593,REQ1125
TC1594,REQ1112
TC1594,REQ1080
TC1595,REQ1123
TC1595,REQ1124
TC1596,REQ1081
TC1598,REQ1109
TC1598,REQ1108
TC1598,REQ1110
TC1599,REQ1113
TC1600,REQ1115
TC1600,REQ1116
TC1600,REQ1114
TC1601,REQ1117
TC1601,REQ1118
TC1601,REQ1119
TC1602,REQ1098
TC1602,REQ1096
TC1602,REQ1094
TC1602,REQ1095
TC1602,REQ1093
TC1603,REQ1107
TC1603,REQ1096
TC1603,REQ1127
TC1603,REQ1095
TC1603,REQ1093
TC1604,REQ1121
TC1605,REQ1127
TC1605,REQ1090
TC1605,REQ1083
TC1605,REQ1089
TC1605,REQ1087
TC1605,REQ1085
TC1605,REQ1086
TC1605,REQ1088
TC1605,REQ1084
TC1606,REQ1090
TC1606,REQ1083
TC1606,REQ1089
TC1606,REQ1087
TC1606,REQ1085
TC1606,REQ1086
TC1606,REQ1088
TC1606,REQ1084
TC1607,REQ1083
TC1607,REQ1107
TC1607,REQ1085
TC1608,REQ1090
TC1608,REQ1089
TC1608,REQ1085
TC1608,REQ1086
TC1608,REQ1088
TC1609,REQ1092
TC1609,REQ1091
TC1610,REQ1120
TC1611,REQ1100
TC1611,REQ1105
TC1611,REQ1098
TC1611,REQ1106
TC1611,REQ1103
TC1611,REQ1097
TC1611,REQ1101
TC1611,REQ1099
TC1611,REQ1104
TC1611,REQ1102
TC1612,REQ1100
TC1612,REQ1105
TC1612,REQ1098
TC1612,REQ1106
TC1612,REQ1103
TC1612,REQ1097
TC1612,REQ1101
TC1612,REQ1099
TC1612,REQ1104
TC1612,REQ1102
TC1613,REQ1098
TC1613,REQ1097
TC1613,REQ1103
TC1614,REQ1122
TC1617,REQ3008
TC1618,REQ2915
TC1618,REQ2914
TC1618,REQ2996
TC1619,REQ2915
TC1619,REQ2914
TC1619,REQ3005
TC1620,REQ2916
TC1620,REQ2917
TC1620,REQ2997
TC1621,REQ3009
TC1622,REQ2916
TC1622,REQ2917
TC1622,REQ3006
TC1623,REQ3000
TC1624,REQ3007
TC1625,REQ2999
TC1626,REQ3003
TC1627,REQ3001
TC1628,REQ3004
TC1629,REQ3010
TC1630,REQ2982
TC1630,REQ1180
TC1631,REQ2982
TC1632,REQ2982
TC1632,REQ2989
TC1633,REQ2982
TC1634,REQ2982
TC1636,REQ2984
TC1636,REQ2986
TC1637,REQ2984
TC1637,REQ2986
TC1638,REQ2984
TC1638,REQ2986
TC1639,REQ2984
TC1639,REQ2986
TC1640,REQ2985
TC1641,REQ2987
TC1642,REQ2988
TC1643,REQ2994
TC1643,REQ2993
TC1643,REQ2991
TC1643,REQ2992
TC1643,REQ2990
TC1644,REQ2992
TC1644,REQ2991
TC1644,REQ2990
TC1644,REQ2989
TC1645,REQ2995
TC1646,REQ3002
TC1647,REQ2983
TC1648,REQ2998
TC1649,REQ3139
TC1649,REQ3137
TC1649,REQ3138
TC1649,REQ3140
TC1650,REQ3156
TC1650,REQ3158
TC1650,REQ3157
TC1651,REQ3159
TC1652,REQ3160
TC1653,REQ3141
TC1653,REQ0064
TC1654,REQ3161
TC1655,REQ3110
TC1655,REQ3109
TC1655,REQ3112
TC1655,REQ0701
TC1655,REQ3106
TC1655,REQ3107
TC1656,REQ0701
TC1656,REQ3106
TC1656,REQ3110
TC1657,REQ3106
TC1658,REQ3112
TC1659,REQ3109
TC1660,REQ3109
TC1661,REQ3109
TC1662,REQ3105
TC1663,REQ0783
TC1663,REQ2600
TC1663,REQ2601
TC1665,REQ3143
TC1665,REQ3142
TC1665,REQ3144
TC1667,REQ3115
TC1668,REQ3116
TC1668,REQ3114
TC1668,REQ3113
TC1669,REQ3111
TC1669,REQ3147
TC1670,REQ0708
TC1671,REQ3130
TC1672,REQ3153
TC1673,REQ3134
TC1673,REQ3133
TC1673,REQ3131
TC1673,REQ3132
TC1674,REQ3145
TC1674,REQ3135
TC1675,REQ3136
TC1675,REQ3146
TC1677,REQ0851
TC1677,REQ3108
TC1677,REQ1169
TC1677,REQ3117
TC1678,REQ0776
TC1678,REQ0775
TC1679,REQ3118
TC1679,REQ1658
TC1679,REQ3119
TC1680,REQ0794
TC1681,REQ3162
TC1682,REQ1659
TC1682,REQ3120
TC1682,REQ1082
TC1683,REQ3148
TC1683,REQ0749
TC1684,REQ3148
TC1685,REQ3148
TC1686,REQ3121
TC1686,REQ3122
TC1687,REQ3123
TC1687,REQ3124
TC1688,REQ3126
TC1688,REQ3125
TC1689,REQ0702
TC1690,REQ1657
TC1690,REQ3128
TC1690,REQ3127
TC1691,REQ1660
TC1692,REQ3129
TC1693,REQ1661
TC1694,REQ3154
TC1695,REQ0813
TC1696,REQ0814
TC1697,REQ0815
TC1698,REQ0816
TC1699,REQ0817
TC1700,REQ3150
TC1701,REQ3149
TC1702,REQ3149
TC1703,REQ3152
TC1703,REQ3151
TC1704,REQ3155
TC1705,REQ0929
TC1705,REQ0932
TC1706,REQ0933
TC1706,REQ0959
TC1707,REQ0941
TC1708,REQ0937
TC1709,REQ0994
TC1709,REQ0995
TC1709,REQ0993
TC1710,REQ0959
TC1710,REQ0936
TC1711,REQ0962
TC1711,REQ0961
TC1711,REQ0963
TC1712,REQ0939
TC1712,REQ0938
TC1712,REQ0940
TC1713,REQ0943
TC1713,REQ0947
TC1713,REQ0942
TC1713,REQ0944
TC1714,REQ0947
TC1714,REQ0942
TC1715,REQ0945
TC1715,REQ0946
TC1715,REQ0944
TC1716,REQ0949
TC1716,REQ0982
TC1716,REQ0948
TC1716,REQ0983
TC1716,REQ0984
TC1717,REQ0964
TC1717,REQ0965
TC1718,REQ0952
TC1718,REQ0950
TC1718,REQ0981
TC1718,REQ0954
TC1718,REQ0953
TC1719,REQ0952
TC1719,REQ0950
TC1719,REQ0981
TC1719,REQ0954
TC1719,REQ0953
TC1720,REQ0951
TC1720,REQ0952
TC1721,REQ0966
TC1721,REQ0967
TC1722,REQ0968
TC1722,REQ0969
TC1723,REQ0956
TC1723,REQ0970
TC1724,REQ0957
TC1724,REQ0971
TC1725,REQ0958
TC1725,REQ0972
TC1727,REQ0973
TC1727,REQ0974
TC1728,REQ0976
TC1728,REQ0975
TC1729,REQ0978
TC1729,REQ0977
TC1730,REQ0980
TC1730,REQ0979
TC1731,REQ0955
TC1731,REQ0960
TC1732,REQ0992
TC1732,REQ0991
TC1733,REQ0990
TC1733,REQ0989
TC1734,REQ0987
TC1734,REQ0988
TC1735,REQ0985
TC1735,REQ0986
TC1736,REQ2810
TC1737,REQ2811
TC1737,REQ2812
TC1738,REQ2813
TC1738,REQ2814
TC1739,REQ2816
TC1739,REQ2815
TC1740,REQ2818
TC1740,REQ2817
TC1741,REQ2819
REQ0005,REQ0006
REQ0006,REQ0005
REQ0006,REQ0550
REQ0006,REQ0949
REQ0006,REQ1436
REQ0006,REQ0223
REQ0006,REQ1424
REQ0006,REQ2773
REQ0006,REQ0982
REQ0006,REQ2877
REQ0006,REQ0948
REQ0006,REQ1434
REQ0006,REQ2878
REQ0006,REQ0473
REQ0006,REQ0983
REQ0006,REQ1435
REQ0006,REQ0540
REQ0006,REQ0984
REQ0006,REQ1433
REQ0006,REQ0643
REQ0014,REQ0015
REQ0015,REQ2695
REQ0015,REQ0014
REQ0015,REQ2709
REQ0015,REQ2023
REQ0015,REQ2719
REQ0015,REQ1540
REQ0046,REQ0047
REQ0047,REQ1577
REQ0047,REQ0845
REQ0047,REQ2141
REQ0047,REQ0793
REQ0047,REQ1648
REQ0047,REQ1145
REQ0047,REQ1652
REQ0047,REQ0768
REQ0047,REQ1228
REQ0047,REQ2847
REQ0047,REQ1699
REQ0047,REQ1694
REQ0047,REQ0838
REQ0047,REQ1149
REQ0047,REQ0835
REQ0047,REQ0109
REQ0047,REQ2838
REQ0047,REQ0836
REQ0047,REQ1624
REQ0047,REQ1667
REQ0047,REQ1144
REQ0047,REQ0046
REQ0047,REQ0841
REQ0047,REQ1666
REQ0047,REQ1650
REQ0048,REQ0049
REQ0049,REQ0048
REQ0055,REQ0056
REQ0056,REQ1670
REQ0056,REQ0110
REQ0056,REQ0731
REQ0056,REQ1614
REQ0056,REQ0815
REQ0056,REQ0846
REQ0056,REQ3114
REQ0056,REQ1231
REQ0056,REQ0817
REQ0056,REQ0845
REQ0056,REQ0733
REQ0056,REQ0793
REQ0056,REQ0774
REQ0056,REQ1824
REQ0056,REQ3111
REQ0056,REQ3112
REQ0056,REQ0107
REQ0056,REQ0768
REQ0056,REQ0729
REQ0056,REQ0770
REQ0056,REQ0838
REQ0056,REQ1575
REQ0056,REQ0743
REQ0056,REQ0747
REQ0056,REQ1616
REQ0056,REQ0058
REQ0056,REQ0109
REQ0056,REQ0835
REQ0056,REQ1576
REQ0056,REQ0108
REQ0056,REQ0836
REQ0056,REQ0055
REQ0056,REQ1624
REQ0056,REQ0744
REQ0056,REQ1625
REQ0056,REQ1578
REQ0056,REQ0841
REQ0056,REQ1574
REQ0056,REQ3147
REQ0056,REQ0697
REQ0058,REQ0056
REQ0061,REQ0062
REQ0062,REQ0061
REQ0063,REQ0064
REQ0064,REQ0063
REQ0083,REQ1645
REQ0101,REQ0785
REQ0107,REQ0056
REQ0108,REQ0056
REQ0109,REQ0056
REQ0109,REQ0047
REQ0110,REQ0056
REQ0143,REQ0144
REQ0144,REQ0143
REQ0144,REQ0161
REQ0145,REQ0149
REQ0145,REQ0147
REQ0145,REQ0150
REQ0145,REQ0151
REQ0145,REQ0146
REQ0145,REQ0148
REQ0146,REQ3167
REQ0146,REQ1721
REQ0146,REQ2338
REQ0146,REQ2534
REQ0146,REQ2476
REQ0146,REQ3166
REQ0146,REQ2364
REQ0146,REQ3164
REQ0146,REQ3174
REQ0146,REQ2477
REQ0146,REQ2527
REQ0146,REQ3165
REQ0146,REQ2007
REQ0146,REQ0145
REQ0146,REQ2000
REQ0146,REQ2097
REQ0147,REQ3167
REQ0147,REQ1169
REQ0147,REQ1721
REQ0147,REQ2338
REQ0147,REQ2534
REQ0147,REQ2476
REQ0147,REQ3166
REQ0147,REQ2364
REQ0147,REQ3164
REQ0147,REQ3174
REQ0147,REQ2477
REQ0147,REQ2527
REQ0147,REQ3165
REQ0147,REQ2007
REQ0147,REQ0145
REQ0147,REQ2000
REQ0147,REQ2097
REQ0148,REQ3167
REQ0148,REQ1169
REQ0148,REQ1721
REQ0148,REQ2338
REQ0148,REQ2534
REQ0148,REQ2476
REQ0148,REQ3166
REQ0148,REQ2364
REQ0148,REQ3164
REQ0148,REQ3174
REQ0148,REQ2477
REQ0148,REQ2527
REQ0148,REQ2096
REQ0148,REQ3165
REQ0148,REQ2007
REQ0148,REQ0145
REQ0148,REQ2000
REQ0148,REQ2097
REQ0149,REQ3167
REQ0149,REQ1721
REQ0149,REQ2338
REQ0149,REQ2534
REQ0149,REQ2476
REQ0149,REQ3166
REQ0149,REQ2364
REQ0149,REQ3164
REQ0149,REQ3174
REQ0149,REQ2477
REQ0149,REQ2527
REQ0149,REQ3165
REQ0149,REQ2007
REQ0149,REQ0145
REQ0149,REQ2000
REQ0149,REQ2097
REQ0150,REQ3167
REQ0150,REQ1721
REQ0150,REQ2338
REQ0150,REQ2534
REQ0150,REQ2476
REQ0150,REQ3166
REQ0150,REQ2364
REQ0150,REQ2042
REQ0150,REQ3164
REQ0150,REQ3174
REQ0150,REQ2477
REQ0150,REQ2527
REQ0150,REQ3165
REQ0150,REQ2007
REQ0150,REQ0145
REQ0150,REQ2000
REQ0150,REQ2097
REQ0151,REQ3167
REQ0151,REQ1169
REQ0151,REQ1721
REQ0151,REQ2338
REQ0151,REQ2534
REQ0151,REQ2476
REQ0151,REQ3166
REQ0151,REQ2364
REQ0151,REQ3164
REQ0151,REQ3174
REQ0151,REQ2477
REQ0151,REQ2527
REQ0151,REQ3165
REQ0151,REQ2007
REQ0151,REQ0145
REQ0151,REQ2000
REQ0151,REQ2097
REQ0152,REQ2170
REQ0152,REQ0191
REQ0152,REQ2189
REQ0158,REQ0159
REQ0158,REQ2322
REQ0158,REQ2328
REQ0159,REQ0158
REQ0159,REQ0503
REQ0159,REQ0160
REQ0159,REQ0197
REQ0159,REQ0589
REQ0160,REQ0159
REQ0161,REQ0144
REQ0161,REQ0179
REQ0161,REQ0198
REQ0166,REQ0167
REQ0167,REQ0166
REQ0167,REQ2363
REQ0167,REQ1169
REQ0167,REQ0211
REQ0170,REQ0173
REQ0170,REQ0172
REQ0170,REQ0171
REQ0170,REQ0174
REQ0171,REQ0170
REQ0171,REQ0175
REQ0172,REQ0170
REQ0173,REQ0170
REQ0174,REQ1426
REQ0174,REQ0552
REQ0174,REQ2024
REQ0174,REQ0610
REQ0174,REQ0609
REQ0174,REQ2585
REQ0174,REQ1445
REQ0174,REQ2586
REQ0174,REQ0170
REQ0174,REQ3138
REQ0174,REQ3140
REQ0174,REQ2615
REQ0175,REQ0171
REQ0177,REQ0192
REQ0179,REQ0161
REQ0191,REQ0152
REQ0192,REQ0177
REQ0197,REQ0159
REQ0198,REQ0161
REQ0211,REQ0167
REQ0212,REQ0213
REQ0213,REQ0212
REQ0215,REQ1327
REQ0215,REQ1424
REQ0223,REQ0224
REQ0223,REQ0006
REQ0224,REQ0223
REQ0226,REQ2010
REQ0226,REQ2008
REQ0226,REQ2009
REQ0226,REQ2006
REQ0226,REQ2005
REQ0227,REQ2010
REQ0227,REQ2008
REQ0227,REQ2009
REQ0227,REQ2006
REQ0227,REQ2005
REQ0236,REQ1327
REQ0236,REQ2105
REQ0236,REQ2010
REQ0236,REQ1553
REQ0236,REQ2008
REQ0236,REQ2510
REQ0236,REQ2009
REQ0236,REQ2006
REQ0236,REQ2005
REQ0256,REQ2365
REQ0256,REQ2476
REQ0282,REQ2091
REQ0282,REQ2092
REQ0282,REQ1327
REQ0282,REQ1553
REQ0282,REQ2089
REQ0282,REQ2090
REQ0307,REQ2479
REQ0307,REQ2331
REQ0307,REQ2526
REQ0313,REQ0314
REQ0313,REQ0315
REQ0314,REQ0313
REQ0314,REQ2476
REQ0315,REQ0313
REQ0315,REQ2476
REQ0380,REQ0381
REQ0381,REQ2038
REQ0381,REQ2044
REQ0381,REQ0380
REQ0381,REQ2047
REQ0382,REQ0383
REQ0383,REQ2366
REQ0383,REQ2044
REQ0383,REQ0384
REQ0383,REQ2047
REQ0383,REQ0382
REQ0384,REQ0383
REQ0453,REQ0454
REQ0453,REQ0455
REQ0454,REQ0453
REQ0455,REQ0453
REQ0473,REQ0474
REQ0473,REQ0006
REQ0474,REQ2252
REQ0474,REQ2763
REQ0474,REQ1445
REQ0474,REQ0473
REQ0474,REQ2253
REQ0474,REQ1446
REQ0474,REQ1415
REQ0476,REQ0478
REQ0476,REQ0477
REQ0477,REQ0476
REQ0478,REQ0476
REQ0487,REQ0488
REQ0488,REQ0566
REQ0488,REQ0678
REQ0488,REQ0610
REQ0488,REQ0597
REQ0488,REQ0609
REQ0488,REQ0568
REQ0488,REQ0491
REQ0488,REQ0571
REQ0488,REQ0490
REQ0488,REQ0565
REQ0488,REQ0493
REQ0488,REQ0487
REQ0488,REQ0567
REQ0488,REQ0511
REQ0488,REQ0569
REQ0488,REQ0489
REQ0489,REQ0488
REQ0490,REQ0488
REQ0491,REQ0488
REQ0493,REQ0488
REQ0503,REQ0159
REQ0511,REQ0488
REQ0512,REQ0535
REQ0512,REQ0587
REQ0535,REQ0512
REQ0540,REQ0006
REQ0540,REQ0541
REQ0541,REQ0540
REQ0541,REQ0643
REQ0542,REQ0678
REQ0549,REQ1420
REQ0550,REQ0006
REQ0552,REQ0174
REQ0565,REQ0488
REQ0566,REQ0488
REQ0567,REQ0488
REQ0568,REQ0488
REQ0569,REQ0488
REQ0571,REQ0488
REQ0587,REQ0512
REQ0589,REQ0159
REQ0597,REQ0488
REQ0597,REQ0598
REQ0598,REQ0610
REQ0598,REQ0597
REQ0598,REQ0609
REQ0609,REQ0488
REQ0609,REQ0598
REQ0609,REQ0174
REQ0610,REQ0488
REQ0610,REQ0598
REQ0610,REQ0174
REQ0617,REQ2253
REQ0617,REQ2252
REQ0620,REQ0621
REQ0620,REQ0622
REQ0621,REQ0620
REQ0621,REQ1424
REQ0621,REQ1436
REQ0621,REQ0622
REQ0621,REQ1261
REQ0621,REQ1444
REQ0621,REQ1434
REQ0621,REQ1542
REQ0621,REQ1435
REQ0621,REQ1563
REQ0621,REQ1262
REQ0621,REQ1451
REQ0621,REQ1433
REQ0622,REQ0621
REQ0622,REQ0620
REQ0633,REQ0634
REQ0634,REQ0633
REQ0634,REQ0686
REQ0634,REQ0685
REQ0634,REQ0635
REQ0635,REQ0634
REQ0643,REQ0006
REQ0643,REQ0644
REQ0643,REQ0541
REQ0644,REQ2103
REQ0644,REQ2012
REQ0644,REQ2379
REQ0644,REQ2378
REQ0644,REQ0686
REQ0644,REQ0643
REQ0653,REQ1435
REQ0653,REQ1433
REQ0674,REQ0675
REQ0675,REQ0683
REQ0675,REQ0674
REQ0678,REQ0488
REQ0678,REQ0542
REQ0683,REQ0675
REQ0685,REQ0634
REQ0686,REQ0634
REQ0686,REQ0687
REQ0686,REQ0644
REQ0687,REQ3167
REQ0687,REQ3166
REQ0687,REQ2044
REQ0687,REQ2476
REQ0687,REQ3165
REQ0687,REQ3164
REQ0687,REQ2527
REQ0687,REQ2047
REQ0687,REQ2348
REQ0687,REQ0686
REQ0687,REQ2007
REQ0687,REQ2000
REQ0687,REQ3174
REQ0697,REQ0699
REQ0697,REQ0056
REQ0697,REQ0702
REQ0697,REQ0698
REQ0697,REQ0701
REQ0697,REQ0700
REQ0698,REQ0743
REQ0698,REQ0744
REQ0698,REQ0731
REQ0698,REQ0697
REQ0699,REQ0733
REQ0699,REQ0744
REQ0699,REQ0747
REQ0699,REQ0846
REQ0699,REQ0697
REQ0700,REQ0751
REQ0700,REQ1622
REQ0700,REQ0731
REQ0700,REQ1624
REQ0700,REQ1145
REQ0700,REQ1665
REQ0700,REQ1683
REQ0700,REQ0744
REQ0700,REQ0896
REQ0700,REQ1144
REQ0700,REQ1662
REQ0700,REQ2838
REQ0700,REQ0743
REQ0700,REQ1794
REQ0700,REQ1793
REQ0700,REQ1649
REQ0700,REQ1653
REQ0700,REQ0757
REQ0700,REQ0697
REQ0701,REQ0731
REQ0701,REQ0882
REQ0701,REQ0815
REQ0701,REQ1693
REQ0701,REQ0881
REQ0701,REQ0817
REQ0701,REQ0816
REQ0701,REQ0733
REQ0701,REQ1606
REQ0701,REQ1800
REQ0701,REQ1797
REQ0701,REQ1788
REQ0701,REQ1607
REQ0701,REQ0743
REQ0701,REQ0747
REQ0701,REQ1798
REQ0701,REQ0724
REQ0701,REQ1799
REQ0701,REQ0813
REQ0701,REQ0744
REQ0701,REQ0710
REQ0701,REQ0697
REQ0702,REQ0731
REQ0702,REQ0744
REQ0702,REQ1656
REQ0702,REQ0743
REQ0702,REQ0697
REQ0707,REQ0708
REQ0708,REQ1624
REQ0708,REQ1616
REQ0708,REQ1681
REQ0708,REQ0707
REQ0708,REQ2615
REQ0710,REQ0701
REQ0724,REQ0701
REQ0724,REQ0725
REQ0725,REQ0724
REQ0725,REQ0733
REQ0727,REQ1622
REQ0729,REQ0056
REQ0731,REQ0056
REQ0731,REQ0702
REQ0731,REQ0698
REQ0731,REQ0701
REQ0731,REQ0700
REQ0732,REQ0770
REQ0733,REQ0699
REQ0733,REQ0056
REQ0733,REQ0725
REQ0733,REQ0701
REQ0733,REQ0734
REQ0734,REQ0733
REQ0743,REQ0056
REQ0743,REQ0702
REQ0743,REQ0698
REQ0743,REQ0701
REQ0743,REQ0700
REQ0744,REQ0699
REQ0744,REQ0056
REQ0744,REQ0702
REQ0744,REQ0698
REQ0744,REQ0701
REQ0744,REQ0700
REQ0747,REQ0699
REQ0747,REQ0056
REQ0747,REQ0701
REQ0747,REQ0748
REQ0747,REQ0749
REQ0748,REQ0747
REQ0749,REQ0747
REQ0751,REQ0700
REQ0757,REQ0700
REQ0768,REQ0056
REQ0768,REQ0047
REQ0768,REQ0769
REQ0769,REQ0768
REQ0770,REQ0732
REQ0770,REQ0056
REQ0771,REQ0772
REQ0771,REQ0773
REQ0771,REQ0774
REQ0771,REQ0776
REQ0771,REQ0775
REQ0772,REQ0771
REQ0773,REQ0771
REQ0774,REQ0056
REQ0774,REQ0771
REQ0775,REQ0771
REQ0775,REQ1864
REQ0776,REQ0771
REQ0780,REQ0781
REQ0781,REQ0780
REQ0782,REQ0783
REQ0783,REQ0782
REQ0783,REQ1098
REQ0783,REQ0784
REQ0784,REQ0783
REQ0785,REQ0101
REQ0793,REQ0794
REQ0793,REQ0056
REQ0793,REQ0047
REQ0794,REQ2675
REQ0794,REQ0793
REQ0794,REQ2140
REQ0794,REQ2673
REQ0805,REQ0806
REQ0805,REQ0807
REQ0806,REQ0808
REQ0806,REQ0805
REQ0807,REQ0808
REQ0807,REQ0805
REQ0808,REQ0806
REQ0808,REQ0807
REQ0812,REQ0813
REQ0812,REQ0815
REQ0812,REQ0814
REQ0812,REQ0817
REQ0812,REQ0816
REQ0813,REQ0849
REQ0813,REQ3108
REQ0813,REQ0701
REQ0813,REQ1909
REQ0813,REQ0812
REQ0814,REQ0849
REQ0814,REQ0820
REQ0814,REQ0846
REQ0814,REQ1909
REQ0814,REQ0812
REQ0815,REQ1922
REQ0815,REQ1921
REQ0815,REQ1919
REQ0815,REQ0056
REQ0815,REQ1917
REQ0815,REQ1916
REQ0815,REQ1923
REQ0815,REQ0857
REQ0815,REQ0701
REQ0815,REQ1913
REQ0815,REQ1914
REQ0815,REQ1920
REQ0815,REQ1915
REQ0815,REQ1918
REQ0815,REQ0812
REQ0816,REQ1922
REQ0816,REQ1921
REQ0816,REQ1919
REQ0816,REQ1848
REQ0816,REQ1917
REQ0816,REQ1916
REQ0816,REQ1923
REQ0816,REQ0857
REQ0816,REQ3108
REQ0816,REQ0701
REQ0816,REQ1913
REQ0816,REQ1914
REQ0816,REQ1920
REQ0816,REQ1915
REQ0816,REQ1918
REQ0816,REQ0812
REQ0817,REQ1922
REQ0817,REQ1921
REQ0817,REQ1919
REQ0817,REQ1848
REQ0817,REQ1917
REQ0817,REQ1916
REQ0817,REQ1923
REQ0817,REQ0857
REQ0817,REQ0056
REQ0817,REQ3108
REQ0817,REQ0701
REQ0817,REQ1913
REQ0817,REQ1914
REQ0817,REQ1920
REQ0817,REQ1915
REQ0817,REQ1918
REQ0817,REQ0812
REQ0819,REQ0820
REQ0819,REQ0822
REQ0819,REQ0821
REQ0820,REQ0819
REQ0820,REQ0814
REQ0821,REQ0851
REQ0821,REQ0819
REQ0822,REQ0851
REQ0822,REQ0819
REQ0823,REQ0824
REQ0823,REQ0825
REQ0824,REQ0823
REQ0825,REQ0823
REQ0826,REQ0827
REQ0827,REQ0826
REQ0827,REQ0838
REQ0828,REQ0829
REQ0829,REQ0828
REQ0829,REQ0837
REQ0830,REQ0850
REQ0830,REQ0853
REQ0830,REQ0852
REQ0830,REQ0882
REQ0830,REQ0846
REQ0830,REQ0881
REQ0834,REQ0838
REQ0835,REQ0056
REQ0835,REQ0047
REQ0836,REQ0056
REQ0836,REQ0047
REQ0837,REQ0829
REQ0838,REQ0834
REQ0838,REQ0056
REQ0838,REQ0047
REQ0838,REQ0827
REQ0841,REQ0056
REQ0841,REQ0047
REQ0841,REQ1652
REQ0842,REQ0843
REQ0843,REQ0842
REQ0845,REQ0056
REQ0845,REQ0047
REQ0845,REQ1652
REQ0846,REQ0699
REQ0846,REQ0056
REQ0846,REQ0830
REQ0846,REQ0814
REQ0849,REQ0814
REQ0849,REQ0813
REQ0850,REQ0851
REQ0850,REQ0830
REQ0851,REQ0888
REQ0851,REQ0882
REQ0851,REQ0885
REQ0851,REQ0889
REQ0851,REQ0822
REQ0851,REQ0881
REQ0851,REQ0868
REQ0851,REQ0869
REQ0851,REQ0853
REQ0851,REQ2982
REQ0851,REQ0886
REQ0851,REQ1145
REQ0851,REQ0854
REQ0851,REQ0887
REQ0851,REQ0821
REQ0851,REQ1143
REQ0851,REQ0850
REQ0851,REQ2989
REQ0851,REQ1144
REQ0851,REQ0856
REQ0851,REQ0861
REQ0852,REQ0830
REQ0853,REQ0851
REQ0853,REQ0830
REQ0854,REQ0851
REQ0856,REQ0851
REQ0857,REQ0817
REQ0857,REQ0815
REQ0857,REQ0816
REQ0861,REQ0851
REQ0868,REQ0851
REQ0869,REQ0851
REQ0873,REQ0874
REQ0874,REQ0873
REQ0881,REQ0851
REQ0881,REQ0830
REQ0881,REQ0701
REQ0882,REQ0851
REQ0882,REQ0830
REQ0882,REQ0701
REQ0885,REQ0851
REQ0886,REQ0851
REQ0887,REQ0851
REQ0888,REQ0851
REQ0889,REQ0851
REQ0892,REQ0899
REQ0892,REQ0894
REQ0892,REQ0896
REQ0892,REQ0893
REQ0892,REQ0898
REQ0892,REQ0897
REQ0892,REQ0895
REQ0893,REQ0892
REQ0894,REQ0901
REQ0894,REQ0892
REQ0895,REQ0901
REQ0895,REQ0892
REQ0896,REQ0901
REQ0896,REQ0892
REQ0896,REQ0700
REQ0897,REQ0901
REQ0897,REQ0892
REQ0898,REQ0901
REQ0898,REQ0892
REQ0899,REQ0901
REQ0899,REQ0892
REQ0901,REQ0899
REQ0901,REQ0894
REQ0901,REQ0896
REQ0901,REQ0898
REQ0901,REQ1150
REQ0901,REQ0897
REQ0901,REQ0895
REQ0929,REQ0930
REQ0929,REQ0931
REQ0930,REQ0937
REQ0930,REQ0952
REQ0930,REQ0951
REQ0930,REQ0948
REQ0930,REQ2793
REQ0930,REQ0933
REQ0930,REQ2766
REQ0930,REQ2057
REQ0930,REQ1046
REQ0930,REQ0946
REQ0930,REQ1072
REQ0930,REQ1032
REQ0930,REQ1038
REQ0930,REQ0983
REQ0930,REQ0942
REQ0930,REQ1035
REQ0930,REQ0950
REQ0930,REQ0982
REQ0930,REQ1037
REQ0930,REQ1039
REQ0930,REQ0929
REQ0930,REQ0936
REQ0930,REQ2767
REQ0930,REQ0932
REQ0930,REQ0949
REQ0930,REQ0984
REQ0930,REQ3184
REQ0931,REQ0937
REQ0931,REQ0952
REQ0931,REQ0951
REQ0931,REQ0948
REQ0931,REQ2793
REQ0931,REQ0933
REQ0931,REQ2766
REQ0931,REQ2057
REQ0931,REQ1046
REQ0931,REQ0946
REQ0931,REQ1072
REQ0931,REQ1032
REQ0931,REQ1038
REQ0931,REQ0983
REQ0931,REQ0942
REQ0931,REQ1035
REQ0931,REQ0950
REQ0931,REQ0982
REQ0931,REQ1037
REQ0931,REQ1039
REQ0931,REQ0929
REQ0931,REQ0936
REQ0931,REQ2767
REQ0931,REQ0932
REQ0931,REQ0949
REQ0931,REQ0984
REQ0931,REQ3184
REQ0932,REQ0930
REQ0932,REQ0931
REQ0933,REQ0930
REQ0933,REQ0935
REQ0933,REQ0934
REQ0933,REQ0931
REQ0934,REQ0941
REQ0934,REQ0950
REQ0934,REQ0933
REQ0934,REQ0942
REQ0934,REQ0953
REQ0934,REQ0947
REQ0935,REQ0941
REQ0935,REQ0950
REQ0935,REQ0933
REQ0935,REQ0942
REQ0935,REQ0953
REQ0935,REQ0947
REQ0936,REQ0930
REQ0936,REQ0931
REQ0937,REQ0930
REQ0937,REQ0931
REQ0939,REQ2104
REQ0941,REQ0935
REQ0941,REQ0934
REQ0942,REQ0930
REQ0942,REQ0935
REQ0942,REQ0934
REQ0942,REQ0931
REQ0946,REQ0930
REQ0946,REQ0931
REQ0947,REQ0935
REQ0947,REQ0934
REQ0948,REQ0930
REQ0948,REQ0006
REQ0948,REQ0931
REQ0949,REQ0930
REQ0949,REQ0006
REQ0949,REQ0931
REQ0950,REQ0930
REQ0950,REQ0935
REQ0950,REQ0934
REQ0950,REQ0931
REQ0951,REQ0930
REQ0951,REQ0931
REQ0952,REQ0930
REQ0952,REQ0931
REQ0953,REQ0935
REQ0953,REQ0934
REQ0982,REQ0930
REQ0982,REQ0006
REQ0982,REQ0931
REQ0983,REQ0930
REQ0983,REQ0006
REQ0983,REQ0931
REQ0984,REQ0930
REQ0984,REQ0006
REQ0984,REQ0931
REQ1032,REQ0930
REQ1032,REQ1033
REQ1032,REQ1034
REQ1032,REQ0931
REQ1033,REQ2789
REQ1033,REQ2698
REQ1033,REQ1556
REQ1033,REQ2790
REQ1033,REQ1555
REQ1033,REQ1032
REQ1033,REQ1035
REQ1034,REQ1032
REQ1035,REQ0930
REQ1035,REQ1033
REQ1035,REQ1036
REQ1035,REQ0931
REQ1036,REQ1035
REQ1037,REQ0930
REQ1037,REQ0931
REQ1038,REQ0930
REQ1038,REQ0931
REQ1039,REQ0930
REQ1039,REQ0931
REQ1046,REQ0930
REQ1046,REQ0931
REQ1072,REQ0930
REQ1072,REQ0931
REQ1081,REQ1082
REQ1082,REQ1081
REQ1098,REQ0783
REQ1136,REQ2253
REQ1136,REQ2252
REQ1143,REQ0851
REQ1144,REQ0851
REQ1144,REQ0047
REQ1144,REQ0700
REQ1145,REQ0851
REQ1145,REQ0047
REQ1145,REQ0700
REQ1149,REQ0047
REQ1150,REQ0901
REQ1155,REQ3184
REQ1168,REQ1169
REQ1169,REQ3012
REQ1169,REQ1191
REQ1169,REQ1168
REQ1169,REQ2476
REQ1169,REQ1170
REQ1169,REQ1173
REQ1169,REQ2527
REQ1169,REQ0147
REQ1169,REQ2001
REQ1169,REQ3026
REQ1169,REQ2002
REQ1169,REQ3021
REQ1169,REQ0151
REQ1169,REQ1174
REQ1169,REQ0167
REQ1169,REQ0148
REQ1169,REQ1192
REQ1169,REQ1172
REQ1169,REQ2860
REQ1169,REQ3013
REQ1169,REQ1171
REQ1170,REQ1169
REQ1171,REQ1169
REQ1172,REQ1169
REQ1173,REQ1169
REQ1174,REQ1169
REQ1178,REQ1179
REQ1178,REQ1180
REQ1179,REQ1178
REQ1179,REQ1184
REQ1180,REQ1178
REQ1180,REQ1184
REQ1184,REQ1179
REQ1184,REQ1180
REQ1187,REQ3174
REQ1191,REQ1169
REQ1192,REQ1169
REQ1197,REQ1198
REQ1198,REQ1197
REQ1198,REQ1199
REQ1199,REQ1200
REQ1199,REQ1198
REQ1200,REQ1199
REQ1201,REQ1202
REQ1202,REQ1201
REQ1220,REQ1221
REQ1221,REQ1222
REQ1221,REQ1220
REQ1222,REQ1221
REQ1228,REQ0047
REQ1231,REQ0056
REQ1261,REQ0621
REQ1262,REQ0621
REQ1327,REQ0236
REQ1327,REQ0282
REQ1327,REQ0215
REQ1364,REQ1392
REQ1392,REQ1396
REQ1392,REQ1394
REQ1392,REQ1364
REQ1392,REQ1393
REQ1392,REQ1395
REQ1393,REQ1392
REQ1394,REQ1392
REQ1395,REQ1392
REQ1396,REQ1392
REQ1397,REQ1398
REQ1398,REQ1397
REQ1400,REQ1521
REQ1413,REQ1414
REQ1414,REQ1430
REQ1414,REQ1413
REQ1415,REQ0474
REQ1415,REQ1416
REQ1415,REQ1417
REQ1416,REQ1943
REQ1416,REQ1415
REQ1416,REQ1542
REQ1416,REQ1434
REQ1416,REQ2022
REQ1416,REQ2020
REQ1416,REQ1433
REQ1417,REQ1435
REQ1417,REQ1415
REQ1417,REQ1542
REQ1417,REQ1436
REQ1420,REQ0549
REQ1423,REQ1424
REQ1424,REQ0215
REQ1424,REQ0006
REQ1424,REQ1423
REQ1424,REQ2379
REQ1424,REQ2378
REQ1424,REQ0621
REQ1426,REQ0174
REQ1430,REQ1414
REQ1432,REQ1435
REQ1432,REQ1433
REQ1432,REQ1434
REQ1432,REQ1436
REQ1433,REQ0006
REQ1433,REQ0653
REQ1433,REQ1432
REQ1433,REQ1542
REQ1433,REQ1437
REQ1433,REQ0621
REQ1433,REQ1416
REQ1434,REQ0006
REQ1434,REQ1432
REQ1434,REQ1542
REQ1434,REQ1437
REQ1434,REQ0621
REQ1434,REQ1416
REQ1435,REQ0006
REQ1435,REQ0653
REQ1435,REQ1432
REQ1435,REQ1542
REQ1435,REQ1437
REQ1435,REQ1417
REQ1435,REQ0621
REQ1436,REQ0006
REQ1436,REQ1432
REQ1436,REQ1542
REQ1436,REQ1437
REQ1436,REQ1417
REQ1436,REQ0621
REQ1437,REQ1435
REQ1437,REQ1433
REQ1437,REQ1434
REQ1437,REQ1436
REQ1444,REQ0621
REQ1445,REQ0474
REQ1445,REQ0174
REQ1446,REQ0474
REQ1451,REQ0621
REQ1521,REQ1400
REQ1540,REQ0015
REQ1542,REQ1436
REQ1542,REQ1434
REQ1542,REQ1435
REQ1542,REQ1417
REQ1542,REQ0621
REQ1542,REQ1416
REQ1542,REQ1433
REQ1553,REQ0236
REQ1553,REQ0282
REQ1555,REQ1033
REQ1556,REQ1033
REQ1563,REQ0621
REQ1574,REQ0056
REQ1575,REQ0056
REQ1576,REQ0056
REQ1577,REQ0047
REQ1578,REQ0056
REQ1606,REQ0701
REQ1607,REQ0701
REQ1614,REQ0056
REQ1616,REQ0056
REQ1616,REQ0708
REQ1622,REQ0700
REQ1622,REQ1623
REQ1622,REQ0727
REQ1623,REQ1624
REQ1623,REQ1622
REQ1623,REQ1656
REQ1624,REQ0700
REQ1624,REQ0056
REQ1624,REQ0047
REQ1624,REQ1623
REQ1624,REQ0708
REQ1625,REQ0056
REQ1629,REQ1630
REQ1630,REQ1629
REQ1645,REQ0083
REQ1647,REQ1650
REQ1648,REQ0047
REQ1649,REQ0700
REQ1650,REQ0047
REQ1650,REQ1647
REQ1651,REQ1652
REQ1652,REQ0047
REQ1652,REQ1663
REQ1652,REQ0841
REQ1652,REQ1651
REQ1652,REQ0845
REQ1653,REQ0700
REQ1656,REQ1657
REQ1656,REQ1623
REQ1656,REQ0702
REQ1656,REQ1658
REQ1656,REQ1660
REQ1656,REQ1659
REQ1656,REQ1661
REQ1657,REQ1656
REQ1658,REQ1656
REQ1659,REQ1656
REQ1660,REQ1656
REQ1661,REQ1656
REQ1662,REQ0700
REQ1663,REQ1652
REQ1665,REQ0700
REQ1666,REQ0047
REQ1667,REQ0047
REQ1670,REQ0056
REQ1681,REQ0708
REQ1683,REQ0700
REQ1693,REQ0701
REQ1694,REQ0047
REQ1699,REQ0047
REQ1721,REQ0149
REQ1721,REQ0147
REQ1721,REQ0150
REQ1721,REQ0151
REQ1721,REQ0146
REQ1721,REQ0148
REQ1740,REQ1741
REQ1741,REQ1764
REQ1741,REQ1765
REQ1741,REQ1773
REQ1741,REQ1740
REQ1764,REQ1741
REQ1765,REQ1741
REQ1770,REQ2738
REQ1771,REQ2738
REQ1773,REQ1741
REQ1788,REQ0701
REQ1793,REQ0700
REQ1794,REQ0700
REQ1797,REQ0701
REQ1798,REQ0701
REQ1799,REQ0701
REQ1800,REQ0701
REQ1824,REQ0056
REQ1828,REQ3141
REQ1843,REQ2141
REQ1844,REQ2141
REQ1848,REQ0817
REQ1848,REQ0816
REQ1864,REQ0775
REQ1878,REQ3167
REQ1909,REQ0814
REQ1909,REQ0813
REQ1913,REQ0817
REQ1913,REQ0815
REQ1913,REQ0816
REQ1914,REQ0817
REQ1914,REQ0815
REQ1914,REQ0816
REQ1915,REQ0817
REQ1915,REQ0815
REQ1915,REQ0816
REQ1916,REQ0817
REQ1916,REQ0815
REQ1916,REQ0816
REQ1917,REQ0817
REQ1917,REQ0815
REQ1917,REQ0816
REQ1918,REQ0817
REQ1918,REQ0815
REQ1918,REQ0816
REQ1919,REQ0817
REQ1919,REQ0815
REQ1919,REQ0816
REQ1920,REQ0817
REQ1920,REQ0815
REQ1920,REQ0816
REQ1921,REQ0817
REQ1921,REQ0815
REQ1921,REQ0816
REQ1922,REQ0817
REQ1922,REQ0815
REQ1922,REQ0816
REQ1923,REQ0817
REQ1923,REQ0815
REQ1923,REQ0816
REQ1943,REQ1416
REQ2000,REQ0149
REQ2000,REQ0147
REQ2000,REQ0150
REQ2000,REQ0151
REQ2000,REQ2001
REQ2000,REQ0146
REQ2000,REQ0148
REQ2000,REQ2002
REQ2000,REQ0687
REQ2000,REQ2003
REQ2001,REQ2007
REQ2001,REQ1169
REQ2001,REQ2534
REQ2001,REQ2000
REQ2002,REQ2007
REQ2002,REQ1169
REQ2002,REQ2534
REQ2002,REQ2000
REQ2003,REQ2007
REQ2003,REQ2534
REQ2003,REQ2000
REQ2005,REQ0227
REQ2005,REQ0236
REQ2005,REQ0226
REQ2006,REQ0227
REQ2006,REQ0236
REQ2006,REQ0226
REQ2007,REQ0149
REQ2007,REQ0147
REQ2007,REQ0150
REQ2007,REQ0151
REQ2007,REQ2001
REQ2007,REQ0146
REQ2007,REQ0148
REQ2007,REQ2002
REQ2007,REQ0687
REQ2007,REQ2003
REQ2008,REQ0227
REQ2008,REQ0236
REQ2008,REQ0226
REQ2009,REQ0227
REQ2009,REQ0236
REQ2009,REQ0226
REQ2010,REQ0227
REQ2010,REQ0236
REQ2010,REQ0226
REQ2012,REQ0644
REQ2020,REQ1416
REQ2020,REQ2021
REQ2021,REQ2020
REQ2022,REQ1416
REQ2023,REQ0015
REQ2024,REQ0174
REQ2029,REQ2030
REQ2029,REQ2031
REQ2030,REQ2032
REQ2030,REQ2035
REQ2030,REQ2123
REQ2030,REQ2029
REQ2030,REQ2097
REQ2031,REQ2032
REQ2031,REQ2035
REQ2031,REQ2123
REQ2031,REQ2029
REQ2031,REQ2097
REQ2032,REQ2030
REQ2032,REQ2031
REQ2034,REQ3193
REQ2034,REQ3192
REQ2035,REQ2030
REQ2035,REQ2031
REQ2038,REQ0381
REQ2041,REQ2042
REQ2042,REQ0150
REQ2042,REQ2046
REQ2042,REQ2041
REQ2042,REQ3026
REQ2042,REQ3018
REQ2042,REQ2095
REQ2043,REQ2044
REQ2044,REQ2046
REQ2044,REQ0383
REQ2044,REQ0381
REQ2044,REQ2043
REQ2044,REQ0687
REQ2045,REQ3193
REQ2045,REQ3018
REQ2045,REQ3026
REQ2045,REQ3190
REQ2046,REQ2042
REQ2046,REQ3193
REQ2046,REQ3191
REQ2046,REQ2044
REQ2047,REQ0381
REQ2047,REQ0383
REQ2047,REQ0687
REQ2057,REQ0930
REQ2057,REQ0931
REQ2089,REQ0282
REQ2090,REQ0282
REQ2091,REQ0282
REQ2092,REQ0282
REQ2095,REQ2042
REQ2096,REQ0148
REQ2097,REQ0149
REQ2097,REQ0147
REQ2097,REQ0150
REQ2097,REQ0151
REQ2097,REQ0146
REQ2097,REQ0148
REQ2097,REQ2031
REQ2097,REQ2030
REQ2103,REQ0644
REQ2104,REQ0939
REQ2105,REQ0236
REQ2106,REQ2107
REQ2107,REQ2106
REQ2123,REQ2030
REQ2123,REQ2031
REQ2140,REQ0794
REQ2141,REQ1844
REQ2141,REQ0047
REQ2141,REQ1843
REQ2170,REQ0152
REQ2189,REQ0152
REQ2252,REQ0474
REQ2252,REQ0617
REQ2252,REQ1136
REQ2253,REQ0474
REQ2253,REQ0617
REQ2253,REQ1136
REQ2322,REQ0158
REQ2328,REQ0158
REQ2331,REQ0307
REQ2338,REQ0149
REQ2338,REQ0147
REQ2338,REQ0150
REQ2338,REQ0151
REQ2338,REQ0146
REQ2338,REQ0148
REQ2348,REQ0687
REQ2363,REQ0167
REQ2364,REQ0149
REQ2364,REQ0147
REQ2364,REQ0150
REQ2364,REQ0151
REQ2364,REQ0146
REQ2364,REQ0148
REQ2365,REQ0256
REQ2366,REQ3052
REQ2366,REQ3094
REQ2366,REQ0383
REQ2366,REQ3042
REQ2366,REQ3043
REQ2366,REQ3018
REQ2378,REQ1424
REQ2378,REQ0644
REQ2379,REQ1424
REQ2379,REQ0644
REQ2476,REQ1169
REQ2476,REQ0315
REQ2476,REQ0149
REQ2476,REQ0147
REQ2476,REQ0150
REQ2476,REQ0151
REQ2476,REQ0146
REQ2476,REQ0256
REQ2476,REQ0148
REQ2476,REQ0687
REQ2476,REQ0314
REQ2477,REQ0149
REQ2477,REQ0147
REQ2477,REQ0150
REQ2477,REQ0151
REQ2477,REQ0146
REQ2477,REQ0148
REQ2479,REQ0307
REQ2510,REQ0236
REQ2526,REQ0307
REQ2527,REQ1169
REQ2527,REQ0149
REQ2527,REQ0147
REQ2527,REQ0150
REQ2527,REQ0151
REQ2527,REQ0146
REQ2527,REQ0148
REQ2527,REQ0687
REQ2534,REQ2535
REQ2534,REQ0149
REQ2534,REQ0147
REQ2534,REQ0150
REQ2534,REQ0151
REQ2534,REQ2001
REQ2534,REQ0146
REQ2534,REQ0148
REQ2534,REQ2002
REQ2534,REQ2003
REQ2534,REQ2536
REQ2535,REQ3165
REQ2535,REQ2534
REQ2536,REQ3165
REQ2536,REQ2534
REQ2585,REQ0174
REQ2586,REQ0174
REQ2599,REQ2600
REQ2599,REQ2601
REQ2600,REQ2599
REQ2601,REQ2599
REQ2615,REQ0174
REQ2615,REQ0708
REQ2673,REQ0794
REQ2675,REQ0794
REQ2691,REQ2692
REQ2692,REQ2691
REQ2695,REQ0015
REQ2698,REQ1033
REQ2709,REQ0015
REQ2719,REQ0015
REQ2738,REQ1770
REQ2738,REQ1771
REQ2763,REQ0474
REQ2766,REQ0930
REQ2766,REQ0931
REQ2767,REQ0930
REQ2767,REQ0931
REQ2773,REQ0006
REQ2789,REQ1033
REQ2790,REQ1033
REQ2793,REQ0930
REQ2793,REQ0931
REQ2837,REQ2839
REQ2837,REQ2838
REQ2838,REQ0047
REQ2838,REQ2837
REQ2838,REQ0700
REQ2839,REQ2837
REQ2847,REQ0047
REQ2860,REQ1169
REQ2877,REQ0006
REQ2878,REQ0006
REQ2982,REQ0851
REQ2989,REQ0851
REQ3012,REQ1169
REQ3013,REQ1169
REQ3018,REQ2045
REQ3018,REQ2042
REQ3018,REQ2366
REQ3021,REQ1169
REQ3026,REQ2045
REQ3026,REQ2042
REQ3026,REQ1169
REQ3042,REQ2366
REQ3043,REQ2366
REQ3052,REQ2366
REQ3094,REQ2366
REQ3107,REQ3108
REQ3108,REQ0813
REQ3108,REQ3114
REQ3108,REQ3107
REQ3108,REQ0817
REQ3108,REQ0816
REQ3111,REQ0056
REQ3112,REQ0056
REQ3114,REQ3108
REQ3114,REQ0056
REQ3122,REQ3149
REQ3124,REQ3149
REQ3138,REQ0174
REQ3140,REQ0174
REQ3141,REQ1828
REQ3147,REQ0056
REQ3149,REQ3122
REQ3149,REQ3124
REQ3164,REQ0149
REQ3164,REQ0147
REQ3164,REQ0150
REQ3164,REQ0151
REQ3164,REQ0146
REQ3164,REQ0148
REQ3164,REQ0687
REQ3165,REQ2535
REQ3165,REQ0149
REQ3165,REQ0147
REQ3165,REQ0150
REQ3165,REQ0151
REQ3165,REQ0146
REQ3165,REQ0148
REQ3165,REQ0687
REQ3165,REQ2536
REQ3166,REQ0149
REQ3166,REQ0147
REQ3166,REQ0150
REQ3166,REQ0151
REQ3166,REQ0146
REQ3166,REQ0148
REQ3166,REQ0687
REQ3167,REQ0149
REQ3167,REQ0147
REQ3167,REQ0150
REQ3167,REQ0151
REQ3167,REQ0146
REQ3167,REQ0148
REQ3167,REQ0687
REQ3167,REQ1878
REQ3174,REQ1187
REQ3174,REQ0149
REQ3174,REQ0147
REQ3174,REQ0150
REQ3174,REQ0151
REQ3174,REQ0146
REQ3174,REQ0148
REQ3174,REQ0687
REQ3175,REQ3183
REQ3183,REQ3175
REQ3184,REQ0930
REQ3184,REQ0931
REQ3184,REQ1155
REQ3188,REQ3189
REQ3189,REQ3188
REQ3190,REQ2045
REQ3191,REQ2046
REQ3192,REQ2034
REQ3193,REQ2045
REQ3193,REQ2046
REQ3193,REQ2034
